algorithm,input_size,distribution,trial,seed,elapsed_time_ns,correct
shell,500,random,1,8055569425742253164,29746,1
merge,500,random,1,8055569425742253164,33753,1
library,500,random,1,8055569425742253164,104545,1
shell,500,random,2,373091144565355964,28043,1
library,500,random,2,373091144565355964,95208,1
merge,500,random,2,373091144565355964,31820,1
merge,500,random,3,18160371408379233439,62317,1
shell,500,random,3,18160371408379233439,29515,1
library,500,random,3,18160371408379233439,93885,1
merge,500,random,4,14471738487669439270,29165,1
library,500,random,4,14471738487669439270,96200,1
shell,500,random,4,14471738487669439270,30627,1
library,500,random,5,10910263926041804860,113633,1
shell,500,random,5,10910263926041804860,24456,1
merge,500,random,5,10910263926041804860,23123,1
library,500,random,6,8241166851982797854,62046,1
merge,500,random,6,8241166851982797854,22262,1
shell,500,random,6,8241166851982797854,26198,1
shell,500,random,7,490507013218506650,26339,1
merge,500,random,7,490507013218506650,22392,1
library,500,random,7,490507013218506650,65432,1
shell,500,random,8,7468145622484375023,25768,1
library,500,random,8,7468145622484375023,64079,1
merge,500,random,8,7468145622484375023,246081,1
merge,500,random,9,3929904491860165664,29004,1
shell,500,random,9,3929904491860165664,28905,1
library,500,random,9,3929904491860165664,105137,1
merge,500,random,10,8128748939960546100,28674,1
library,500,random,10,8128748939960546100,67726,1
shell,500,random,10,8128748939960546100,23464,1
library,500,random,11,8851739515483130495,91731,1
shell,500,random,11,8851739515483130495,23985,1
merge,500,random,11,8851739515483130495,22452,1
library,500,random,12,1635816928433056668,63949,1
merge,500,random,12,1635816928433056668,21971,1
shell,500,random,12,1635816928433056668,26409,1
shell,500,random,13,4400305695240207501,25758,1
merge,500,random,13,4400305695240207501,22031,1
library,500,random,13,4400305695240207501,102161,1
shell,500,random,14,605749272111422487,29896,1
library,500,random,14,605749272111422487,164357,1
merge,500,random,14,605749272111422487,22252,1
merge,500,random,15,7059571280995616752,21431,1
shell,500,random,15,7059571280995616752,24415,1
library,500,random,15,7059571280995616752,62988,1
merge,500,random,16,865459925820087525,21831,1
library,500,random,16,865459925820087525,66404,1
shell,500,random,16,865459925820087525,26851,1
library,500,random,17,7879868750533125599,63879,1
shell,500,random,17,7879868750533125599,26430,1
merge,500,random,17,7879868750533125599,22032,1
library,500,random,18,2251673697592027079,60564,1
merge,500,random,18,2251673697592027079,21981,1
shell,500,random,18,2251673697592027079,26499,1
shell,500,random,19,17831371156136453501,55193,1
merge,500,random,19,17831371156136453501,23163,1
library,500,random,19,17831371156136453501,65292,1
shell,500,random,20,15865414945006393004,24867,1
library,500,random,20,15865414945006393004,65071,1
merge,500,random,20,15865414945006393004,22052,1
merge,500,random,21,14005455574594001316,28042,1
shell,500,random,21,14005455574594001316,45094,1
library,500,random,21,14005455574594001316,257410,1
merge,500,random,22,2934739358272046940,222526,1
library,500,random,22,2934739358272046940,111078,1
shell,500,random,22,2934739358272046940,30136,1
library,500,random,23,10094617072162687481,92604,1
shell,500,random,23,10094617072162687481,28042,1
merge,500,random,23,10094617072162687481,29515,1
library,500,random,24,1178788121381186239,94366,1
merge,500,random,24,1178788121381186239,50494,1
shell,500,random,24,1178788121381186239,32440,1
shell,500,random,25,14671683975815563131,30256,1
merge,500,random,25,14671683975815563131,28573,1
library,500,random,25,14671683975815563131,95840,1
shell,500,random,26,10425549511172141702,31348,1
library,500,random,26,10425549511172141702,106319,1
merge,500,random,26,10425549511172141702,29104,1
merge,500,random,27,1617281604282884836,29936,1
shell,500,random,27,1617281604282884836,33002,1
library,500,random,27,1617281604282884836,91120,1
merge,500,random,28,2283523250372384488,29825,1
library,500,random,28,2283523250372384488,96931,1
shell,500,random,28,2283523250372384488,31528,1
library,500,random,29,5026140631917470473,92212,1
shell,500,random,29,5026140631917470473,30497,1
merge,500,random,29,5026140631917470473,29385,1
library,500,random,30,3992946029424480855,62588,1
merge,500,random,30,3992946029424480855,22221,1
shell,500,random,30,3992946029424480855,24776,1
shell,500,already_sorted,1,10213253926133652313,3417,1
merge,500,already_sorted,1,10213253926133652313,6583,1
library,500,already_sorted,1,10213253926133652313,300993,1
shell,500,already_sorted,2,8995684791946686764,3346,1
library,500,already_sorted,2,8995684791946686764,301253,1
merge,500,already_sorted,2,8995684791946686764,6322,1
merge,500,already_sorted,3,1263030449381290125,6232,1
shell,500,already_sorted,3,1263030449381290125,3366,1
library,500,already_sorted,3,1263030449381290125,342040,1
merge,500,already_sorted,4,9539495152663688012,6322,1
library,500,already_sorted,4,9539495152663688012,299019,1
shell,500,already_sorted,4,9539495152663688012,3346,1
library,500,already_sorted,5,4840368068402232001,327112,1
shell,500,already_sorted,5,4840368068402232001,3347,1
merge,500,already_sorted,5,4840368068402232001,6412,1
library,500,already_sorted,6,689045257637418717,296845,1
merge,500,already_sorted,6,689045257637418717,6122,1
shell,500,already_sorted,6,689045257637418717,3346,1
shell,500,already_sorted,7,4818849665847566662,3336,1
merge,500,already_sorted,7,4818849665847566662,5901,1
library,500,already_sorted,7,4818849665847566662,296895,1
shell,500,already_sorted,8,4030090364697106344,3336,1
library,500,already_sorted,8,4030090364697106344,314207,1
merge,500,already_sorted,8,4030090364697106344,6331,1
merge,500,already_sorted,9,3690766076506847145,5901,1
shell,500,already_sorted,9,3690766076506847145,3356,1
library,500,already_sorted,9,3690766076506847145,292958,1
merge,500,already_sorted,10,16725197973866305984,6072,1
library,500,already_sorted,10,16725197973866305984,296023,1
shell,500,already_sorted,10,16725197973866305984,3346,1
library,500,already_sorted,11,15620420489083451860,295472,1
shell,500,already_sorted,11,15620420489083451860,3336,1
merge,500,already_sorted,11,15620420489083451860,6132,1
library,500,already_sorted,12,1304960622287396778,308186,1
merge,500,already_sorted,12,1304960622287396778,6171,1
shell,500,already_sorted,12,1304960622287396778,3356,1
shell,500,already_sorted,13,383658678183404833,3346,1
merge,500,already_sorted,13,383658678183404833,5921,1
library,500,already_sorted,13,383658678183404833,295543,1
shell,500,already_sorted,14,11117990154356345849,3336,1
library,500,already_sorted,14,11117990154356345849,301374,1
merge,500,already_sorted,14,11117990154356345849,6162,1
merge,500,already_sorted,15,17106130001984176926,5892,1
shell,500,already_sorted,15,17106130001984176926,3336,1
library,500,already_sorted,15,17106130001984176926,304879,1
merge,500,already_sorted,16,3357078833709225115,6172,1
library,500,already_sorted,16,3357078833709225115,295653,1
shell,500,already_sorted,16,3357078833709225115,3356,1
library,500,already_sorted,17,7912834346789408252,292347,1
shell,500,already_sorted,17,7912834346789408252,3326,1
merge,500,already_sorted,17,7912834346789408252,6141,1
library,500,already_sorted,18,9501261210228680041,302255,1
merge,500,already_sorted,18,9501261210228680041,6112,1
shell,500,already_sorted,18,9501261210228680041,3346,1
shell,500,already_sorted,19,5715332623351115301,3336,1
merge,500,already_sorted,19,5715332623351115301,5921,1
library,500,already_sorted,19,5715332623351115301,456955,1
shell,500,already_sorted,20,769950784653167462,7875,1
library,500,already_sorted,20,769950784653167462,581207,1
merge,500,already_sorted,20,769950784653167462,13025,1
merge,500,already_sorted,21,13020385431921262572,12113,1
shell,500,already_sorted,21,13020385431921262572,8115,1
library,500,already_sorted,21,13020385431921262572,557542,1
merge,500,already_sorted,22,621453727895190831,12273,1
library,500,already_sorted,22,621453727895190831,405518,1
shell,500,already_sorted,22,621453727895190831,3386,1
library,500,already_sorted,23,2470201027572232542,295362,1
shell,500,already_sorted,23,2470201027572232542,8617,1
merge,500,already_sorted,23,2470201027572232542,12594,1
library,500,already_sorted,24,16487396013543786062,452125,1
merge,500,already_sorted,24,16487396013543786062,12904,1
shell,500,already_sorted,24,16487396013543786062,8436,1
shell,500,already_sorted,25,10393625073790181642,8075,1
merge,500,already_sorted,25,10393625073790181642,11421,1
library,500,already_sorted,25,10393625073790181642,471472,1
shell,500,already_sorted,26,5541497735991093358,7785,1
library,500,already_sorted,26,5541497735991093358,549167,1
merge,500,already_sorted,26,5541497735991093358,12323,1
merge,500,already_sorted,27,14072611453703623498,11040,1
shell,500,already_sorted,27,14072611453703623498,7845,1
library,500,already_sorted,27,14072611453703623498,541984,1
merge,500,already_sorted,28,16117484802142878156,11581,1
library,500,already_sorted,28,16117484802142878156,633975,1
shell,500,already_sorted,28,16117484802142878156,8445,1
library,500,already_sorted,29,9984339194112092812,548987,1
shell,500,already_sorted,29,9984339194112092812,8246,1
merge,500,already_sorted,29,9984339194112092812,13335,1
library,500,already_sorted,30,10091502127841117889,526554,1
merge,500,already_sorted,30,10091502127841117889,11462,1
shell,500,already_sorted,30,10091502127841117889,7484,1
shell,500,reverse_sorted,1,16888896453104204522,10049,1
merge,500,reverse_sorted,1,16888896453104204522,14076,1
library,500,reverse_sorted,1,16888896453104204522,460772,1
shell,500,reverse_sorted,2,4742773382362182485,11071,1
library,500,reverse_sorted,2,4742773382362182485,424884,1
merge,500,reverse_sorted,2,4742773382362182485,10380,1
merge,500,reverse_sorted,3,13655259656044546933,9738,1
shell,500,reverse_sorted,3,13655259656044546933,8396,1
library,500,reverse_sorted,3,13655259656044546933,429923,1
merge,500,reverse_sorted,4,18111587621974406565,12143,1
library,500,reverse_sorted,4,18111587621974406565,320279,1
shell,500,reverse_sorted,4,18111587621974406565,5380,1
library,500,reverse_sorted,5,561539792465773884,295453,1
shell,500,reverse_sorted,5,561539792465773884,4969,1
merge,500,reverse_sorted,5,561539792465773884,6322,1
library,500,reverse_sorted,6,2682631766284218570,288239,1
merge,500,reverse_sorted,6,2682631766284218570,6131,1
shell,500,reverse_sorted,6,2682631766284218570,5110,1
shell,500,reverse_sorted,7,3522440665311723420,8256,1
merge,500,reverse_sorted,7,3522440665311723420,6011,1
library,500,reverse_sorted,7,3522440665311723420,290413,1
shell,500,reverse_sorted,8,8410067033125491669,5029,1
library,500,reverse_sorted,8,8410067033125491669,286075,1
merge,500,reverse_sorted,8,8410067033125491669,6132,1
merge,500,reverse_sorted,9,12386507842528619268,5921,1
shell,500,reverse_sorted,9,12386507842528619268,5079,1
library,500,reverse_sorted,9,12386507842528619268,271668,1
merge,500,reverse_sorted,10,7968834974065788785,6081,1
library,500,reverse_sorted,10,7968834974065788785,257371,1
shell,500,reverse_sorted,10,7968834974065788785,5100,1
library,500,reverse_sorted,11,4855685507740710260,253584,1
shell,500,reverse_sorted,11,4855685507740710260,5070,1
merge,500,reverse_sorted,11,4855685507740710260,6141,1
library,500,reverse_sorted,12,10691768584281183602,238336,1
merge,500,reverse_sorted,12,10691768584281183602,6051,1
shell,500,reverse_sorted,12,10691768584281183602,4989,1
shell,500,reverse_sorted,13,14467422154948414180,4899,1
merge,500,reverse_sorted,13,14467422154948414180,5921,1
library,500,reverse_sorted,13,14467422154948414180,261188,1
shell,500,reverse_sorted,14,18404182507107255172,4829,1
library,500,reverse_sorted,14,18404182507107255172,255147,1
merge,500,reverse_sorted,14,18404182507107255172,6132,1
merge,500,reverse_sorted,15,8498457774016781191,5871,1
shell,500,reverse_sorted,15,8498457774016781191,5020,1
library,500,reverse_sorted,15,8498457774016781191,323415,1
merge,500,reverse_sorted,16,5058247596386374458,12564,1
library,500,reverse_sorted,16,5058247596386374458,458036,1
shell,500,reverse_sorted,16,5058247596386374458,9678,1
library,500,reverse_sorted,17,7968154275905526431,450212,1
shell,500,reverse_sorted,17,7968154275905526431,9648,1
merge,500,reverse_sorted,17,7968154275905526431,13466,1
library,500,reverse_sorted,18,18280896978428063050,470079,1
merge,500,reverse_sorted,18,18280896978428063050,12984,1
shell,500,reverse_sorted,18,18280896978428063050,10489,1
shell,500,reverse_sorted,19,3527847498509603918,10399,1
merge,500,reverse_sorted,19,3527847498509603918,17302,1
library,500,reverse_sorted,19,3527847498509603918,437818,1
shell,500,reverse_sorted,20,4239415468736826127,10009,1
library,500,reverse_sorted,20,4239415468736826127,438379,1
merge,500,reverse_sorted,20,4239415468736826127,12133,1
merge,500,reverse_sorted,21,6637307363355021920,10970,1
shell,500,reverse_sorted,21,6637307363355021920,9437,1
library,500,reverse_sorted,21,6637307363355021920,453338,1
merge,500,reverse_sorted,22,10938477037504622826,12513,1
library,500,reverse_sorted,22,10938477037504622826,479546,1
shell,500,reverse_sorted,22,10938477037504622826,10830,1
library,500,reverse_sorted,23,1260240314309304138,459359,1
shell,500,reverse_sorted,23,1260240314309304138,10410,1
merge,500,reverse_sorted,23,1260240314309304138,12403,1
library,500,reverse_sorted,24,2082453320688040198,435414,1
merge,500,reverse_sorted,24,2082453320688040198,12764,1
shell,500,reverse_sorted,24,2082453320688040198,11622,1
shell,500,reverse_sorted,25,10212169942812247952,10400,1
merge,500,reverse_sorted,25,10212169942812247952,12594,1
library,500,reverse_sorted,25,10212169942812247952,450773,1
shell,500,reverse_sorted,26,11879814382528160407,10369,1
library,500,reverse_sorted,26,11879814382528160407,479086,1
merge,500,reverse_sorted,26,11879814382528160407,13214,1
merge,500,reverse_sorted,27,439560924458941629,12774,1
shell,500,reverse_sorted,27,439560924458941629,10259,1
library,500,reverse_sorted,27,439560924458941629,442618,1
merge,500,reverse_sorted,28,12418767306214181497,12764,1
library,500,reverse_sorted,28,12418767306214181497,463036,1
shell,500,reverse_sorted,28,12418767306214181497,10650,1
library,500,reverse_sorted,29,8385208144823704576,438900,1
shell,500,reverse_sorted,29,8385208144823704576,10309,1
merge,500,reverse_sorted,29,8385208144823704576,12804,1
library,500,reverse_sorted,30,1992973141190112109,455892,1
merge,500,reverse_sorted,30,1992973141190112109,12493,1
shell,500,reverse_sorted,30,1992973141190112109,9868,1
shell,500,duplicate_heavy,1,14521973018558444321,21200,1
merge,500,duplicate_heavy,1,14521973018558444321,26800,1
library,500,duplicate_heavy,1,14521973018558444321,113292,1
shell,500,duplicate_heavy,2,6153815459222741633,19627,1
library,500,duplicate_heavy,2,6153815459222741633,126577,1
merge,500,duplicate_heavy,2,6153815459222741633,25728,1
merge,500,duplicate_heavy,3,208186298986886290,25488,1
shell,500,duplicate_heavy,3,208186298986886290,20889,1
library,500,duplicate_heavy,3,208186298986886290,132097,1
merge,500,duplicate_heavy,4,4848040405209496106,25097,1
library,500,duplicate_heavy,4,4848040405209496106,135524,1
shell,500,duplicate_heavy,4,4848040405209496106,21090,1
library,500,duplicate_heavy,5,17784610132027324081,113442,1
shell,500,duplicate_heavy,5,17784610132027324081,19366,1
merge,500,duplicate_heavy,5,17784610132027324081,26039,1
library,500,duplicate_heavy,6,2843700931280973961,124914,1
merge,500,duplicate_heavy,6,2843700931280973961,25137,1
shell,500,duplicate_heavy,6,2843700931280973961,21360,1
shell,500,duplicate_heavy,7,4022910608866851111,20628,1
merge,500,duplicate_heavy,7,4022910608866851111,25056,1
library,500,duplicate_heavy,7,4022910608866851111,119905,1
shell,500,duplicate_heavy,8,13228807363275568441,20018,1
library,500,duplicate_heavy,8,13228807363275568441,119854,1
merge,500,duplicate_heavy,8,13228807363275568441,24876,1
merge,500,duplicate_heavy,9,10001491746274088742,22593,1
shell,500,duplicate_heavy,9,10001491746274088742,18775,1
library,500,duplicate_heavy,9,10001491746274088742,125855,1
merge,500,duplicate_heavy,10,2649492651632161309,25368,1
library,500,duplicate_heavy,10,2649492651632161309,127137,1
shell,500,duplicate_heavy,10,2649492651632161309,20859,1
library,500,duplicate_heavy,11,13187766426470011749,122910,1
shell,500,duplicate_heavy,11,13187766426470011749,21771,1
merge,500,duplicate_heavy,11,13187766426470011749,26169,1
library,500,duplicate_heavy,12,4069157650441456183,119223,1
merge,500,duplicate_heavy,12,4069157650441456183,25377,1
shell,500,duplicate_heavy,12,4069157650441456183,21581,1
shell,500,duplicate_heavy,13,11227808265214585062,20519,1
merge,500,duplicate_heavy,13,11227808265214585062,25467,1
library,500,duplicate_heavy,13,11227808265214585062,147075,1
shell,500,duplicate_heavy,14,5454297518643267634,21930,1
library,500,duplicate_heavy,14,5454297518643267634,140272,1
merge,500,duplicate_heavy,14,5454297518643267634,25498,1
merge,500,duplicate_heavy,15,16254904654432006371,25176,1
shell,500,duplicate_heavy,15,16254904654432006371,20999,1
library,500,duplicate_heavy,15,16254904654432006371,132328,1
merge,500,duplicate_heavy,16,13666118412710140140,25617,1
library,500,duplicate_heavy,16,13666118412710140140,123331,1
shell,500,duplicate_heavy,16,13666118412710140140,21431,1
library,500,duplicate_heavy,17,11816156573141254692,115997,1
shell,500,duplicate_heavy,17,11816156573141254692,20408,1
merge,500,duplicate_heavy,17,11816156573141254692,26039,1
library,500,duplicate_heavy,18,7598216244986213056,145301,1
merge,500,duplicate_heavy,18,7598216244986213056,25889,1
shell,500,duplicate_heavy,18,7598216244986213056,20779,1
shell,500,duplicate_heavy,19,16597856491752928802,19987,1
merge,500,duplicate_heavy,19,16597856491752928802,25207,1
library,500,duplicate_heavy,19,16597856491752928802,115717,1
shell,500,duplicate_heavy,20,7285863001048253571,19287,1
library,500,duplicate_heavy,20,7285863001048253571,127008,1
merge,500,duplicate_heavy,20,7285863001048253571,25367,1
merge,500,duplicate_heavy,21,9808321801637110950,25688,1
shell,500,duplicate_heavy,21,9808321801637110950,21801,1
library,500,duplicate_heavy,21,9808321801637110950,126737,1
merge,500,duplicate_heavy,22,12991884623492950467,25467,1
library,500,duplicate_heavy,22,12991884623492950467,123511,1
shell,500,duplicate_heavy,22,12991884623492950467,37009,1
library,500,duplicate_heavy,23,8265790041884407975,128861,1
shell,500,duplicate_heavy,23,8265790041884407975,19877,1
merge,500,duplicate_heavy,23,8265790041884407975,25637,1
library,500,duplicate_heavy,24,1164698031598688127,131296,1
merge,500,duplicate_heavy,24,1164698031598688127,25157,1
shell,500,duplicate_heavy,24,1164698031598688127,20178,1
shell,500,duplicate_heavy,25,16123256238396574529,21069,1
merge,500,duplicate_heavy,25,16123256238396574529,24987,1
library,500,duplicate_heavy,25,16123256238396574529,125525,1
shell,500,duplicate_heavy,26,6168000689240781877,21269,1
library,500,duplicate_heavy,26,6168000689240781877,140803,1
merge,500,duplicate_heavy,26,6168000689240781877,25227,1
merge,500,duplicate_heavy,27,5527411438214184010,24766,1
shell,500,duplicate_heavy,27,5527411438214184010,21109,1
library,500,duplicate_heavy,27,5527411438214184010,137077,1
merge,500,duplicate_heavy,28,10514317905003712247,24927,1
library,500,duplicate_heavy,28,10514317905003712247,123992,1
shell,500,duplicate_heavy,28,10514317905003712247,19507,1
library,500,duplicate_heavy,29,313516589596034209,120024,1
shell,500,duplicate_heavy,29,313516589596034209,20739,1
merge,500,duplicate_heavy,29,313516589596034209,25908,1
library,500,duplicate_heavy,30,14488758764111542640,118021,1
merge,500,duplicate_heavy,30,14488758764111542640,25428,1
shell,500,duplicate_heavy,30,14488758764111542640,20067,1
shell,1000,random,1,16111184881984476349,73217,1
merge,1000,random,1,16111184881984476349,63388,1
library,1000,random,1,16111184881984476349,235671,1
shell,1000,random,2,11823938991743639981,72426,1
library,1000,random,2,11823938991743639981,202048,1
merge,1000,random,2,11823938991743639981,64050,1
merge,1000,random,3,6258435597752947216,56936,1
shell,1000,random,3,6258435597752947216,55504,1
library,1000,random,3,6258435597752947216,139641,1
merge,1000,random,4,18172733501188359776,48671,1
library,1000,random,4,18172733501188359776,130504,1
shell,1000,random,4,18172733501188359776,55694,1
library,1000,random,5,2760750108718141303,155130,1
shell,1000,random,5,2760750108718141303,63949,1
merge,1000,random,5,2760750108718141303,61625,1
library,1000,random,6,7137908739648429131,206005,1
merge,1000,random,6,7137908739648429131,75081,1
shell,1000,random,6,7137908739648429131,56796,1
shell,1000,random,7,242590612465109695,57758,1
merge,1000,random,7,242590612465109695,48992,1
library,1000,random,7,242590612465109695,132668,1
shell,1000,random,8,3583244416357223845,59631,1
library,1000,random,8,3583244416357223845,153938,1
merge,1000,random,8,3583244416357223845,47840,1
merge,1000,random,9,7380468612141385591,47719,1
shell,1000,random,9,7380468612141385591,54473,1
library,1000,random,9,7380468612141385591,189745,1
merge,1000,random,10,11747029942451524836,65031,1
library,1000,random,10,11747029942451524836,204583,1
shell,1000,random,10,11747029942451524836,77675,1
library,1000,random,11,6772467109938914331,214201,1
shell,1000,random,11,6772467109938914331,75000,1
merge,1000,random,11,6772467109938914331,86271,1
library,1000,random,12,11540099235673573857,226113,1
merge,1000,random,12,11540099235673573857,65152,1
shell,1000,random,12,11540099235673573857,74359,1
shell,1000,random,13,279926738836855798,75922,1
merge,1000,random,13,279926738836855798,64100,1
library,1000,random,13,279926738836855798,322593,1
shell,1000,random,14,13360127571970614307,69811,1
library,1000,random,14,13360127571970614307,204813,1
merge,1000,random,14,13360127571970614307,71884,1
merge,1000,random,15,4470675223620138789,65001,1
shell,1000,random,15,4470675223620138789,72786,1
library,1000,random,15,4470675223620138789,209582,1
merge,1000,random,16,14282557716196036507,65081,1
library,1000,random,16,14282557716196036507,213770,1
shell,1000,random,16,14282557716196036507,72987,1
library,1000,random,17,3467829056528050231,216876,1
shell,1000,random,17,3467829056528050231,72015,1
merge,1000,random,17,3467829056528050231,83447,1
library,1000,random,18,9213318376861640363,238536,1
merge,1000,random,18,9213318376861640363,59432,1
shell,1000,random,18,9213318376861640363,55143,1
shell,1000,random,19,9463495126336557283,61526,1
merge,1000,random,19,9463495126336557283,48601,1
library,1000,random,19,9463495126336557283,137908,1
shell,1000,random,20,6495954357073518855,60242,1
library,1000,random,20,6495954357073518855,137637,1
merge,1000,random,20,6495954357073518855,48892,1
merge,1000,random,21,3923353072494720493,48461,1
shell,1000,random,21,3923353072494720493,54412,1
library,1000,random,21,3923353072494720493,130484,1
merge,1000,random,22,147175124304592131,48951,1
library,1000,random,22,147175124304592131,134001,1
shell,1000,random,22,147175124304592131,59081,1
library,1000,random,23,17431315481398293806,133048,1
shell,1000,random,23,17431315481398293806,60343,1
merge,1000,random,23,17431315481398293806,48571,1
library,1000,random,24,956840350069656101,132167,1
merge,1000,random,24,956840350069656101,49363,1
shell,1000,random,24,956840350069656101,56145,1
shell,1000,random,25,11660497534098553947,60433,1
merge,1000,random,25,11660497534098553947,48370,1
library,1000,random,25,11660497534098553947,132678,1
shell,1000,random,26,14981489749152014417,59921,1
library,1000,random,26,14981489749152014417,130113,1
merge,1000,random,26,14981489749152014417,57347,1
merge,1000,random,27,13614629953301994688,66354,1
shell,1000,random,27,13614629953301994688,55243,1
library,1000,random,27,13614629953301994688,135033,1
merge,1000,random,28,4383091333854673261,49252,1
library,1000,random,28,4383091333854673261,131897,1
shell,1000,random,28,4383091333854673261,60443,1
library,1000,random,29,1181703800767029556,134562,1
shell,1000,random,29,1181703800767029556,59982,1
merge,1000,random,29,1181703800767029556,48580,1
library,1000,random,30,14566589485735109793,150842,1
merge,1000,random,30,14566589485735109793,48340,1
shell,1000,random,30,14566589485735109793,54793,1
shell,1000,already_sorted,1,4328723645954633791,7614,1
merge,1000,already_sorted,1,4328723645954633791,13304,1
library,1000,already_sorted,1,4328723645954633791,1042749,1
shell,1000,already_sorted,2,12776001240172871435,7544,1
library,1000,already_sorted,2,12776001240172871435,1109625,1
merge,1000,already_sorted,2,12776001240172871435,13265,1
merge,1000,already_sorted,3,6827091864330535992,12613,1
shell,1000,already_sorted,3,6827091864330535992,7574,1
library,1000,already_sorted,3,6827091864330535992,1037039,1
merge,1000,already_sorted,4,8659755220647923333,12904,1
library,1000,already_sorted,4,8659755220647923333,1034084,1
shell,1000,already_sorted,4,8659755220647923333,7544,1
library,1000,already_sorted,5,4991067173461894180,1058089,1
shell,1000,already_sorted,5,4991067173461894180,7515,1
merge,1000,already_sorted,5,4991067173461894180,13024,1
library,1000,already_sorted,6,10616536081380070544,1054983,1
merge,1000,already_sorted,6,10616536081380070544,12834,1
shell,1000,already_sorted,6,10616536081380070544,7514,1
shell,1000,already_sorted,7,9952355808755266714,7514,1
merge,1000,already_sorted,7,9952355808755266714,12613,1
library,1000,already_sorted,7,9952355808755266714,1086712,1
shell,1000,already_sorted,8,9162243278013242523,7514,1
library,1000,already_sorted,8,9162243278013242523,1054472,1
merge,1000,already_sorted,8,9162243278013242523,13135,1
merge,1000,already_sorted,9,6005625579459940673,12594,1
shell,1000,already_sorted,9,6005625579459940673,7504,1
library,1000,already_sorted,9,6005625579459940673,1062727,1
merge,1000,already_sorted,10,3647238573738049474,12884,1
library,1000,already_sorted,10,3647238573738049474,1055614,1
shell,1000,already_sorted,10,3647238573738049474,7534,1
library,1000,already_sorted,11,14385872499992031006,1072655,1
shell,1000,already_sorted,11,14385872499992031006,7504,1
merge,1000,already_sorted,11,14385872499992031006,13094,1
library,1000,already_sorted,12,13406708219102479813,1040255,1
merge,1000,already_sorted,12,13406708219102479813,12874,1
shell,1000,already_sorted,12,13406708219102479813,7524,1
shell,1000,already_sorted,13,15751806748190861346,7514,1
merge,1000,already_sorted,13,15751806748190861346,12614,1
library,1000,already_sorted,13,15751806748190861346,1062006,1
shell,1000,already_sorted,14,4537399640536379964,7515,1
library,1000,already_sorted,14,4537399640536379964,1044703,1
merge,1000,already_sorted,14,4537399640536379964,12945,1
merge,1000,already_sorted,15,11292207633297990358,12603,1
shell,1000,already_sorted,15,11292207633297990358,7514,1
library,1000,already_sorted,15,11292207633297990358,1052738,1
merge,1000,already_sorted,16,17245817879527425015,12854,1
library,1000,already_sorted,16,17245817879527425015,1040135,1
shell,1000,already_sorted,16,17245817879527425015,7524,1
library,1000,already_sorted,17,1437385244692275504,1038201,1
shell,1000,already_sorted,17,1437385244692275504,7514,1
merge,1000,already_sorted,17,1437385244692275504,12954,1
library,1000,already_sorted,18,7856976724588499352,1059151,1
merge,1000,already_sorted,18,7856976724588499352,12924,1
shell,1000,already_sorted,18,7856976724588499352,16531,1
shell,1000,already_sorted,19,15815258322247284224,7514,1
merge,1000,already_sorted,19,15815258322247284224,12674,1
library,1000,already_sorted,19,15815258322247284224,1061255,1
shell,1000,already_sorted,20,16052162928976079446,7524,1
library,1000,already_sorted,20,16052162928976079446,1058840,1
merge,1000,already_sorted,20,16052162928976079446,12924,1
merge,1000,already_sorted,21,3485184044667286587,12583,1
shell,1000,already_sorted,21,3485184044667286587,7515,1
library,1000,already_sorted,21,3485184044667286587,1038682,1
merge,1000,already_sorted,22,4716767375853610608,12884,1
library,1000,already_sorted,22,4716767375853610608,1251941,1
shell,1000,already_sorted,22,4716767375853610608,7564,1
library,1000,already_sorted,23,15144923294174938134,1619639,1
shell,1000,already_sorted,23,15144923294174938134,17262,1
merge,1000,already_sorted,23,15144923294174938134,25407,1
library,1000,already_sorted,24,5196899252372774788,1633444,1
merge,1000,already_sorted,24,5196899252372774788,13375,1
shell,1000,already_sorted,24,5196899252372774788,7554,1
shell,1000,already_sorted,25,6725285702003349005,31198,1
merge,1000,already_sorted,25,6725285702003349005,12774,1
library,1000,already_sorted,25,6725285702003349005,1044513,1
shell,1000,already_sorted,26,6131409225763919606,19246,1
library,1000,already_sorted,26,6131409225763919606,1090038,1
merge,1000,already_sorted,26,6131409225763919606,13244,1
merge,1000,already_sorted,27,7938693701616912332,12584,1
shell,1000,already_sorted,27,7938693701616912332,7514,1
library,1000,already_sorted,27,7938693701616912332,1042129,1
merge,1000,already_sorted,28,8515010296519500831,12955,1
library,1000,already_sorted,28,8515010296519500831,1063048,1
shell,1000,already_sorted,28,8515010296519500831,7534,1
library,1000,already_sorted,29,17652658268231142296,1039123,1
shell,1000,already_sorted,29,17652658268231142296,7514,1
merge,1000,already_sorted,29,17652658268231142296,13054,1
library,1000,already_sorted,30,12135186458480033871,1034885,1
merge,1000,already_sorted,30,12135186458480033871,12905,1
shell,1000,already_sorted,30,12135186458480033871,7514,1
shell,1000,reverse_sorted,1,13320499466745364281,11000,1
merge,1000,reverse_sorted,1,13320499466745364281,13094,1
library,1000,reverse_sorted,1,13320499466745364281,856882,1
shell,1000,reverse_sorted,2,6946403362300784570,11341,1
library,1000,reverse_sorted,2,6946403362300784570,1139561,1
merge,1000,reverse_sorted,2,6946403362300784570,13245,1
merge,1000,reverse_sorted,3,254602078714079528,12533,1
shell,1000,reverse_sorted,3,254602078714079528,10680,1
library,1000,reverse_sorted,3,254602078714079528,881549,1
merge,1000,reverse_sorted,4,16126854363724082107,12824,1
library,1000,reverse_sorted,4,16126854363724082107,843116,1
shell,1000,reverse_sorted,4,16126854363724082107,11181,1
library,1000,reverse_sorted,5,13283702039504004348,837616,1
shell,1000,reverse_sorted,5,13283702039504004348,10550,1
merge,1000,reverse_sorted,5,13283702039504004348,12723,1
library,1000,reverse_sorted,6,10464101869625214317,1135764,1
merge,1000,reverse_sorted,6,10464101869625214317,13034,1
shell,1000,reverse_sorted,6,10464101869625214317,11191,1
shell,1000,reverse_sorted,7,2534372684520735681,10991,1
merge,1000,reverse_sorted,7,2534372684520735681,12524,1
library,1000,reverse_sorted,7,2534372684520735681,869435,1
shell,1000,reverse_sorted,8,18018012663319132815,11081,1
library,1000,reverse_sorted,8,18018012663319132815,872481,1
merge,1000,reverse_sorted,8,18018012663319132815,12764,1
merge,1000,reverse_sorted,9,7956162116627113355,12504,1
shell,1000,reverse_sorted,9,7956162116627113355,11091,1
library,1000,reverse_sorted,9,7956162116627113355,837165,1
merge,1000,reverse_sorted,10,12230229178975997815,12684,1
library,1000,reverse_sorted,10,12230229178975997815,853636,1
shell,1000,reverse_sorted,10,12230229178975997815,11071,1
library,1000,reverse_sorted,11,17214311194475334851,885386,1
shell,1000,reverse_sorted,11,17214311194475334851,11161,1
merge,1000,reverse_sorted,11,17214311194475334851,12864,1
library,1000,reverse_sorted,12,2224443403522863672,860479,1
merge,1000,reverse_sorted,12,2224443403522863672,12704,1
shell,1000,reverse_sorted,12,2224443403522863672,11071,1
shell,1000,reverse_sorted,13,15819444426967642209,10870,1
merge,1000,reverse_sorted,13,15819444426967642209,12513,1
library,1000,reverse_sorted,13,15819444426967642209,830342,1
shell,1000,reverse_sorted,14,5547761213699915239,11061,1
library,1000,reverse_sorted,14,5547761213699915239,838829,1
merge,1000,reverse_sorted,14,5547761213699915239,12714,1
merge,1000,reverse_sorted,15,222400924720041239,12483,1
shell,1000,reverse_sorted,15,222400924720041239,11031,1
library,1000,reverse_sorted,15,222400924720041239,857754,1
merge,1000,reverse_sorted,16,13125082148936861724,12724,1
library,1000,reverse_sorted,16,13125082148936861724,834420,1
shell,1000,reverse_sorted,16,13125082148936861724,11070,1
library,1000,reverse_sorted,17,7103858629348699125,851301,1
shell,1000,reverse_sorted,17,7103858629348699125,11081,1
merge,1000,reverse_sorted,17,7103858629348699125,12724,1
library,1000,reverse_sorted,18,699343657494981305,847836,1
merge,1000,reverse_sorted,18,699343657494981305,12714,1
shell,1000,reverse_sorted,18,699343657494981305,11061,1
shell,1000,reverse_sorted,19,1001934764067489768,10930,1
merge,1000,reverse_sorted,19,1001934764067489768,12533,1
library,1000,reverse_sorted,19,1001934764067489768,1109314,1
shell,1000,reverse_sorted,20,4097126985952882686,10760,1
library,1000,reverse_sorted,20,4097126985952882686,1405919,1
merge,1000,reverse_sorted,20,4097126985952882686,28203,1
merge,1000,reverse_sorted,21,9544650658655979032,27381,1
shell,1000,reverse_sorted,21,9544650658655979032,23153,1
library,1000,reverse_sorted,21,9544650658655979032,1681965,1
merge,1000,reverse_sorted,22,10381974721201856927,27381,1
library,1000,reverse_sorted,22,10381974721201856927,1594461,1
shell,1000,reverse_sorted,22,10381974721201856927,23384,1
library,1000,reverse_sorted,23,8251427156158643075,1610221,1
shell,1000,reverse_sorted,23,8251427156158643075,23063,1
merge,1000,reverse_sorted,23,8251427156158643075,27551,1
library,1000,reverse_sorted,24,12299151868273394144,1629095,1
merge,1000,reverse_sorted,24,12299151868273394144,28002,1
shell,1000,reverse_sorted,24,12299151868273394144,43220,1
shell,1000,reverse_sorted,25,16190085138658523562,23594,1
merge,1000,reverse_sorted,25,16190085138658523562,26650,1
library,1000,reverse_sorted,25,16190085138658523562,1720256,1
shell,1000,reverse_sorted,26,13405174437717816914,22723,1
library,1000,reverse_sorted,26,13405174437717816914,1979641,1
merge,1000,reverse_sorted,26,13405174437717816914,27732,1
merge,1000,reverse_sorted,27,2806722558863459995,26630,1
shell,1000,reverse_sorted,27,2806722558863459995,40265,1
library,1000,reverse_sorted,27,2806722558863459995,1167683,1
merge,1000,reverse_sorted,28,8580196932084740865,28754,1
library,1000,reverse_sorted,28,8580196932084740865,1665784,1
shell,1000,reverse_sorted,28,8580196932084740865,23244,1
library,1000,reverse_sorted,29,12416965331444252371,953062,1
shell,1000,reverse_sorted,29,12416965331444252371,10651,1
merge,1000,reverse_sorted,29,12416965331444252371,23704,1
library,1000,reverse_sorted,30,5726094607196119238,851101,1
merge,1000,reverse_sorted,30,5726094607196119238,12814,1
shell,1000,reverse_sorted,30,5726094607196119238,11161,1
shell,1000,duplicate_heavy,1,16149051716148689284,54702,1
merge,1000,duplicate_heavy,1,16149051716148689284,39835,1
library,1000,duplicate_heavy,1,16149051716148689284,202028,1
shell,1000,duplicate_heavy,2,11943616593791438077,35456,1
library,1000,duplicate_heavy,2,11943616593791438077,205665,1
merge,1000,duplicate_heavy,2,11943616593791438077,38162,1
merge,1000,duplicate_heavy,3,1268830854047951084,37360,1
shell,1000,duplicate_heavy,3,1268830854047951084,33924,1
library,1000,duplicate_heavy,3,1268830854047951084,204562,1
merge,1000,duplicate_heavy,4,11270195227135676910,38672,1
library,1000,duplicate_heavy,4,11270195227135676910,187690,1
shell,1000,duplicate_heavy,4,11270195227135676910,32601,1
library,1000,duplicate_heavy,5,12967789063352178450,215102,1
shell,1000,duplicate_heavy,5,12967789063352178450,33403,1
merge,1000,duplicate_heavy,5,12967789063352178450,38482,1
library,1000,duplicate_heavy,6,14650009193698336154,199754,1
merge,1000,duplicate_heavy,6,14650009193698336154,51436,1
shell,1000,duplicate_heavy,6,14650009193698336154,44323,1
shell,1000,duplicate_heavy,7,1947285175542903413,41407,1
merge,1000,duplicate_heavy,7,1947285175542903413,38372,1
library,1000,duplicate_heavy,7,1947285175542903413,210213,1
shell,1000,duplicate_heavy,8,4680830171728154781,33884,1
library,1000,duplicate_heavy,8,4680830171728154781,235841,1
merge,1000,duplicate_heavy,8,4680830171728154781,38181,1
merge,1000,duplicate_heavy,9,1376144561343582406,37129,1
shell,1000,duplicate_heavy,9,1376144561343582406,34314,1
library,1000,duplicate_heavy,9,1376144561343582406,233867,1
merge,1000,duplicate_heavy,10,1455444116929911358,37691,1
library,1000,duplicate_heavy,10,1455444116929911358,200605,1
shell,1000,duplicate_heavy,10,1455444116929911358,33944,1
library,1000,duplicate_heavy,11,15415905291791222700,190276,1
shell,1000,duplicate_heavy,11,15415905291791222700,34275,1
merge,1000,duplicate_heavy,11,15415905291791222700,38111,1
library,1000,duplicate_heavy,12,11075453993086979404,197550,1
merge,1000,duplicate_heavy,12,11075453993086979404,37741,1
shell,1000,duplicate_heavy,12,11075453993086979404,44964,1
shell,1000,duplicate_heavy,13,13390455636208010538,33974,1
merge,1000,duplicate_heavy,13,13390455636208010538,37581,1
library,1000,duplicate_heavy,13,13390455636208010538,210784,1
shell,1000,duplicate_heavy,14,6894396815634626422,33393,1
library,1000,duplicate_heavy,14,6894396815634626422,195295,1
merge,1000,duplicate_heavy,14,6894396815634626422,37940,1
merge,1000,duplicate_heavy,15,5869769136666968302,37340,1
shell,1000,duplicate_heavy,15,5869769136666968302,34174,1
library,1000,duplicate_heavy,15,5869769136666968302,224360,1
merge,1000,duplicate_heavy,16,14304120190276613217,37530,1
library,1000,duplicate_heavy,16,14304120190276613217,195646,1
shell,1000,duplicate_heavy,16,14304120190276613217,33082,1
library,1000,duplicate_heavy,17,6635198753715515521,206607,1
shell,1000,duplicate_heavy,17,6635198753715515521,33182,1
merge,1000,duplicate_heavy,17,6635198753715515521,37871,1
library,1000,duplicate_heavy,18,96347413965915723,217146,1
merge,1000,duplicate_heavy,18,96347413965915723,37981,1
shell,1000,duplicate_heavy,18,96347413965915723,33633,1
shell,1000,duplicate_heavy,19,16341414872423877625,33042,1
merge,1000,duplicate_heavy,19,16341414872423877625,37260,1
library,1000,duplicate_heavy,19,16341414872423877625,202078,1
shell,1000,duplicate_heavy,20,1970630022693721974,33562,1
library,1000,duplicate_heavy,20,1970630022693721974,204853,1
merge,1000,duplicate_heavy,20,1970630022693721974,38502,1
merge,1000,duplicate_heavy,21,13027756957711381683,37641,1
shell,1000,duplicate_heavy,21,13027756957711381683,34014,1
library,1000,duplicate_heavy,21,13027756957711381683,360684,1
merge,1000,duplicate_heavy,22,8763710098662795349,54351,1
library,1000,duplicate_heavy,22,8763710098662795349,341799,1
shell,1000,duplicate_heavy,22,8763710098662795349,44774,1
library,1000,duplicate_heavy,23,13689684726447954302,368268,1
shell,1000,duplicate_heavy,23,13689684726447954302,42279,1
merge,1000,duplicate_heavy,23,13689684726447954302,53490,1
library,1000,duplicate_heavy,24,12670595175908488370,318015,1
merge,1000,duplicate_heavy,24,12670595175908488370,54141,1
shell,1000,duplicate_heavy,24,12670595175908488370,47279,1
shell,1000,duplicate_heavy,25,13130919327481631981,48180,1
merge,1000,duplicate_heavy,25,13130919327481631981,74900,1
library,1000,duplicate_heavy,25,13130919327481631981,378327,1
shell,1000,duplicate_heavy,26,14100143960687552112,46938,1
library,1000,duplicate_heavy,26,14100143960687552112,318586,1
merge,1000,duplicate_heavy,26,14100143960687552112,54481,1
merge,1000,duplicate_heavy,27,12787127925065236464,72827,1
shell,1000,duplicate_heavy,27,12787127925065236464,44553,1
library,1000,duplicate_heavy,27,12787127925065236464,345566,1
merge,1000,duplicate_heavy,28,14271740417641383726,51546,1
library,1000,duplicate_heavy,28,14271740417641383726,421648,1
shell,1000,duplicate_heavy,28,14271740417641383726,64471,1
library,1000,duplicate_heavy,29,15702398966815105725,352500,1
shell,1000,duplicate_heavy,29,15702398966815105725,43332,1
merge,1000,duplicate_heavy,29,15702398966815105725,53490,1
library,1000,duplicate_heavy,30,9981020495812612225,320930,1
merge,1000,duplicate_heavy,30,9981020495812612225,73557,1
shell,1000,duplicate_heavy,30,9981020495812612225,46457,1
shell,2000,random,1,3037151377799551555,157555,1
merge,2000,random,1,3037151377799551555,146263,1
library,2000,random,1,3037151377799551555,523198,1
shell,2000,random,2,8725853545560092338,167693,1
library,2000,random,2,8725853545560092338,497259,1
merge,2000,random,2,8725853545560092338,139901,1
merge,2000,random,3,17079736856382414278,139761,1
shell,2000,random,3,17079736856382414278,149720,1
library,2000,random,3,17079736856382414278,301885,1
merge,2000,random,4,6842327018105419048,105367,1
library,2000,random,4,6842327018105419048,311783,1
shell,2000,random,4,6842327018105419048,125365,1
library,2000,random,5,7403086435990474141,314779,1
shell,2000,random,5,7403086435990474141,126617,1
merge,2000,random,5,7403086435990474141,106048,1
library,2000,random,6,18204435897637981861,280845,1
merge,2000,random,6,18204435897637981861,105427,1
shell,2000,random,6,18204435897637981861,165219,1
shell,2000,random,7,3675032217461698249,136876,1
merge,2000,random,7,3675032217461698249,105597,1
library,2000,random,7,3675032217461698249,319668,1
shell,2000,random,8,5045741917042169994,144541,1
library,2000,random,8,5045741917042169994,284722,1
merge,2000,random,8,5045741917042169994,106098,1
merge,2000,random,9,11595991061567334000,105988,1
shell,2000,random,9,11595991061567334000,137317,1
library,2000,random,9,11595991061567334000,295453,1
merge,2000,random,10,5602719151627923806,105116,1
library,2000,random,10,5602719151627923806,286566,1
shell,2000,random,10,5602719151627923806,135093,1
library,2000,random,11,7167005399482522125,283610,1
shell,2000,random,11,7167005399482522125,136815,1
merge,2000,random,11,7167005399482522125,106139,1
library,2000,random,12,4208333952250218738,290323,1
merge,2000,random,12,4208333952250218738,105737,1
shell,2000,random,12,4208333952250218738,135503,1
shell,2000,random,13,3745443675159651021,126837,1
merge,2000,random,13,3745443675159651021,104867,1
library,2000,random,13,3745443675159651021,286916,1
shell,2000,random,14,8059567016737787514,128350,1
library,2000,random,14,8059567016737787514,288419,1
merge,2000,random,14,8059567016737787514,106670,1
merge,2000,random,15,9655401665137436228,104646,1
shell,2000,random,15,9655401665137436228,144931,1
library,2000,random,15,9655401665137436228,277088,1
merge,2000,random,16,3883067917756661392,105107,1
library,2000,random,16,3883067917756661392,284031,1
shell,2000,random,16,3883067917756661392,144140,1
library,2000,random,17,3818315565566364965,286305,1
shell,2000,random,17,3818315565566364965,136936,1
merge,2000,random,17,3818315565566364965,107131,1
library,2000,random,18,4219238550570874404,293819,1
merge,2000,random,18,4219238550570874404,105657,1
shell,2000,random,18,4219238550570874404,135544,1
shell,2000,random,19,2431899145088468170,137998,1
merge,2000,random,19,2431899145088468170,105227,1
library,2000,random,19,2431899145088468170,305200,1
shell,2000,random,20,13868078338109900339,125525,1
library,2000,random,20,13868078338109900339,296755,1
merge,2000,random,20,13868078338109900339,106589,1
merge,2000,random,21,6194182907935255355,114714,1
shell,2000,random,21,6194182907935255355,134651,1
library,2000,random,21,6194182907935255355,290944,1
merge,2000,random,22,6495872642952911436,104806,1
library,2000,random,22,6495872642952911436,296884,1
shell,2000,random,22,6495872642952911436,121507,1
library,2000,random,23,10591098065257714783,288139,1
shell,2000,random,23,10591098065257714783,137938,1
merge,2000,random,23,10591098065257714783,106319,1
library,2000,random,24,12788530530427616508,305481,1
merge,2000,random,24,12788530530427616508,106149,1
shell,2000,random,24,12788530530427616508,135263,1
shell,2000,random,25,1500759984413111299,138539,1
merge,2000,random,25,1500759984413111299,104626,1
library,2000,random,25,1500759984413111299,302185,1
shell,2000,random,26,12213178297604812176,134932,1
library,2000,random,26,12213178297604812176,279323,1
merge,2000,random,26,12213178297604812176,106289,1
merge,2000,random,27,10432505003922592751,103703,1
shell,2000,random,27,10432505003922592751,133820,1
library,2000,random,27,10432505003922592751,282769,1
merge,2000,random,28,16802297581661353797,154599,1
library,2000,random,28,16802297581661353797,491730,1
shell,2000,random,28,16802297581661353797,157464,1
library,2000,random,29,4944776820262272819,520313,1
shell,2000,random,29,4944776820262272819,168185,1
merge,2000,random,29,4944776820262272819,140272,1
library,2000,random,30,8271405133404159322,437078,1
merge,2000,random,30,8271405133404159322,132939,1
shell,2000,random,30,8271405133404159322,162474,1
shell,2000,already_sorted,1,2188083210943780581,42119,1
merge,2000,already_sorted,1,2188083210943780581,50123,1
library,2000,already_sorted,1,2188083210943780581,7786028,1
shell,2000,already_sorted,2,7880551023108334424,41848,1
library,2000,already_sorted,2,7880551023108334424,4298578,1
merge,2000,already_sorted,2,7880551023108334424,27853,1
merge,2000,already_sorted,3,8859013310871443144,31318,1
shell,2000,already_sorted,3,8859013310871443144,16812,1
library,2000,already_sorted,3,8859013310871443144,3922554,1
merge,2000,already_sorted,4,2891355804628871416,49873,1
library,2000,already_sorted,4,2891355804628871416,5145431,1
shell,2000,already_sorted,4,2891355804628871416,16852,1
library,2000,already_sorted,5,10646416724939223687,3865457,1
shell,2000,already_sorted,5,10646416724939223687,16821,1
merge,2000,already_sorted,5,10646416724939223687,27833,1
library,2000,already_sorted,6,4107151178290358841,3877780,1
merge,2000,already_sorted,6,4107151178290358841,27481,1
shell,2000,already_sorted,6,4107151178290358841,16802,1
shell,2000,already_sorted,7,3325964959504212924,16781,1
merge,2000,already_sorted,7,3325964959504212924,26810,1
library,2000,already_sorted,7,3325964959504212924,3834440,1
shell,2000,already_sorted,8,14752948782494002919,16792,1
library,2000,already_sorted,8,14752948782494002919,3894061,1
merge,2000,already_sorted,8,14752948782494002919,27411,1
merge,2000,already_sorted,9,10795907574239274695,26801,1
shell,2000,already_sorted,9,10795907574239274695,16791,1
library,2000,already_sorted,9,10795907574239274695,4470849,1
merge,2000,already_sorted,10,4043188076414265142,91140,1
library,2000,already_sorted,10,4043188076414265142,5215312,1
shell,2000,already_sorted,10,4043188076414265142,16841,1
library,2000,already_sorted,11,4765651196933673328,3986494,1
shell,2000,already_sorted,11,4765651196933673328,40205,1
merge,2000,already_sorted,11,4765651196933673328,53340,1
library,2000,already_sorted,12,14035619094957769798,4756643,1
merge,2000,already_sorted,12,14035619094957769798,27943,1
shell,2000,already_sorted,12,14035619094957769798,16841,1
shell,2000,already_sorted,13,17790413595782250547,16771,1
merge,2000,already_sorted,13,17790413595782250547,26840,1
library,2000,already_sorted,13,17790413595782250547,3876178,1
shell,2000,already_sorted,14,15251015418184665663,16811,1
library,2000,already_sorted,14,15251015418184665663,4009126,1
merge,2000,already_sorted,14,15251015418184665663,27752,1
merge,2000,already_sorted,15,9600689885419499453,26810,1
shell,2000,already_sorted,15,9600689885419499453,16811,1
library,2000,already_sorted,15,9600689885419499453,3924278,1
merge,2000,already_sorted,16,3764131862579046660,27361,1
library,2000,already_sorted,16,3764131862579046660,3860388,1
shell,2000,already_sorted,16,3764131862579046660,16811,1
library,2000,already_sorted,17,18024343138099531819,3825392,1
shell,2000,already_sorted,17,18024343138099531819,16791,1
merge,2000,already_sorted,17,18024343138099531819,27201,1
library,2000,already_sorted,18,5833094581617410396,7178562,1
merge,2000,already_sorted,18,5833094581617410396,27972,1
shell,2000,already_sorted,18,5833094581617410396,16821,1
shell,2000,already_sorted,19,4854357942153278934,16772,1
merge,2000,already_sorted,19,4854357942153278934,26950,1
library,2000,already_sorted,19,4854357942153278934,4266538,1
shell,2000,already_sorted,20,16535721940187407299,16811,1
library,2000,already_sorted,20,16535721940187407299,3897296,1
merge,2000,already_sorted,20,16535721940187407299,27571,1
merge,2000,already_sorted,21,10608569337382994995,26811,1
shell,2000,already_sorted,21,10608569337382994995,16791,1
library,2000,already_sorted,21,10608569337382994995,3838737,1
merge,2000,already_sorted,22,2585310747954628792,27181,1
library,2000,already_sorted,22,2585310747954628792,3863574,1
shell,2000,already_sorted,22,2585310747954628792,16771,1
library,2000,already_sorted,23,13215145003342525105,3826745,1
shell,2000,already_sorted,23,13215145003342525105,16791,1
merge,2000,already_sorted,23,13215145003342525105,27231,1
library,2000,already_sorted,24,12385458897995899887,3944626,1
merge,2000,already_sorted,24,12385458897995899887,27311,1
shell,2000,already_sorted,24,12385458897995899887,31178,1
shell,2000,already_sorted,25,7691538237769782705,16782,1
merge,2000,already_sorted,25,7691538237769782705,26971,1
library,2000,already_sorted,25,7691538237769782705,3851321,1
shell,2000,already_sorted,26,16800965958177592380,16801,1
library,2000,already_sorted,26,16800965958177592380,3906323,1
merge,2000,already_sorted,26,16800965958177592380,27512,1
merge,2000,already_sorted,27,12386760154162481177,27582,1
shell,2000,already_sorted,27,12386760154162481177,16781,1
library,2000,already_sorted,27,12386760154162481177,3959173,1
merge,2000,already_sorted,28,9883478137005124947,27461,1
library,2000,already_sorted,28,9883478137005124947,3870437,1
shell,2000,already_sorted,28,9883478137005124947,16841,1
library,2000,already_sorted,29,177382837590487967,3822508,1
shell,2000,already_sorted,29,177382837590487967,16782,1
merge,2000,already_sorted,29,177382837590487967,27291,1
library,2000,already_sorted,30,9040051782923231924,3835251,1
merge,2000,already_sorted,30,9040051782923231924,27341,1
shell,2000,already_sorted,30,9040051782923231924,16772,1
shell,2000,reverse_sorted,1,5977539921487784990,23404,1
merge,2000,reverse_sorted,1,5977539921487784990,27131,1
library,2000,reverse_sorted,1,5977539921487784990,3080399,1
shell,2000,reverse_sorted,2,11351636987094588084,23214,1
library,2000,reverse_sorted,2,11351636987094588084,4419633,1
merge,2000,reverse_sorted,2,11351636987094588084,27622,1
merge,2000,reverse_sorted,3,828669987560375487,26629,1
shell,2000,reverse_sorted,3,828669987560375487,23383,1
library,2000,reverse_sorted,3,828669987560375487,4397703,1
merge,2000,reverse_sorted,4,9412413126883631050,27291,1
library,2000,reverse_sorted,4,9412413126883631050,3089778,1
shell,2000,reverse_sorted,4,9412413126883631050,23493,1
library,2000,reverse_sorted,5,1755525815809849275,3085178,1
shell,2000,reverse_sorted,5,1755525815809849275,23183,1
merge,2000,reverse_sorted,5,1755525815809849275,27161,1
library,2000,reverse_sorted,6,12784515036688807997,5777983,1
merge,2000,reverse_sorted,6,12784515036688807997,55404,1
shell,2000,reverse_sorted,6,12784515036688807997,49813,1
shell,2000,reverse_sorted,7,17074352392801610601,49152,1
merge,2000,reverse_sorted,7,17074352392801610601,54030,1
library,2000,reverse_sorted,7,17074352392801610601,5962798,1
shell,2000,reverse_sorted,8,10893142564572811872,52037,1
library,2000,reverse_sorted,8,10893142564572811872,6059790,1
merge,2000,reverse_sorted,8,10893142564572811872,59411,1
merge,2000,reverse_sorted,9,6486329929739821085,58640,1
shell,2000,reverse_sorted,9,6486329929739821085,52839,1
library,2000,reverse_sorted,9,6486329929739821085,10710015,1
merge,2000,reverse_sorted,10,13114370024662498763,56937,1
library,2000,reverse_sorted,10,13114370024662498763,6638402,1
shell,2000,reverse_sorted,10,13114370024662498763,51687,1
library,2000,reverse_sorted,11,424434961495089507,5757706,1
shell,2000,reverse_sorted,11,424434961495089507,80640,1
merge,2000,reverse_sorted,11,424434961495089507,59040,1
library,2000,reverse_sorted,12,2473900266723217255,6791680,1
merge,2000,reverse_sorted,12,2473900266723217255,27682,1
shell,2000,reverse_sorted,12,2473900266723217255,57748,1
shell,2000,reverse_sorted,13,14570211469116066014,23033,1
merge,2000,reverse_sorted,13,14570211469116066014,27051,1
library,2000,reverse_sorted,13,14570211469116066014,5403561,1
shell,2000,reverse_sorted,14,8660676823013918538,51837,1
library,2000,reverse_sorted,14,8660676823013918538,6099054,1
merge,2000,reverse_sorted,14,8660676823013918538,54402,1
merge,2000,reverse_sorted,15,10673797455545341764,55344,1
shell,2000,reverse_sorted,15,10673797455545341764,82915,1
library,2000,reverse_sorted,15,10673797455545341764,7482691,1
merge,2000,reverse_sorted,16,991293467764111989,59872,1
library,2000,reverse_sorted,16,991293467764111989,6344803,1
shell,2000,reverse_sorted,16,991293467764111989,51136,1
library,2000,reverse_sorted,17,12362547315462508631,13706107,1
shell,2000,reverse_sorted,17,12362547315462508631,53961,1
merge,2000,reverse_sorted,17,12362547315462508631,91071,1
library,2000,reverse_sorted,18,11504015259673150864,12821355,1
merge,2000,reverse_sorted,18,11504015259673150864,27702,1
shell,2000,reverse_sorted,18,11504015259673150864,59792,1
shell,2000,reverse_sorted,19,7446094092817902900,22883,1
merge,2000,reverse_sorted,19,7446094092817902900,26620,1
library,2000,reverse_sorted,19,7446094092817902900,3209601,1
shell,2000,reverse_sorted,20,6200881521872182150,23413,1
library,2000,reverse_sorted,20,6200881521872182150,3125243,1
merge,2000,reverse_sorted,20,6200881521872182150,27401,1
merge,2000,reverse_sorted,21,13906061903911887868,26609,1
shell,2000,reverse_sorted,21,13906061903911887868,23164,1
library,2000,reverse_sorted,21,13906061903911887868,3203000,1
merge,2000,reverse_sorted,22,1699432297424321349,27221,1
library,2000,reverse_sorted,22,1699432297424321349,3097532,1
shell,2000,reverse_sorted,22,1699432297424321349,23254,1
library,2000,reverse_sorted,23,13600259933894134071,3302775,1
shell,2000,reverse_sorted,23,13600259933894134071,23163,1
merge,2000,reverse_sorted,23,13600259933894134071,27280,1
library,2000,reverse_sorted,24,16963548722970817136,3128309,1
merge,2000,reverse_sorted,24,16963548722970817136,27030,1
shell,2000,reverse_sorted,24,16963548722970817136,23033,1
shell,2000,reverse_sorted,25,1336654153339310840,22723,1
merge,2000,reverse_sorted,25,1336654153339310840,26590,1
library,2000,reverse_sorted,25,1336654153339310840,3089797,1
shell,2000,reverse_sorted,26,7031794430244415058,24246,1
library,2000,reverse_sorted,26,7031794430244415058,3032059,1
merge,2000,reverse_sorted,26,7031794430244415058,27011,1
merge,2000,reverse_sorted,27,17727259200663060041,26550,1
shell,2000,reverse_sorted,27,17727259200663060041,24405,1
library,2000,reverse_sorted,27,17727259200663060041,3092031,1
merge,2000,reverse_sorted,28,3568607325626933029,26940,1
library,2000,reverse_sorted,28,3568607325626933029,3090409,1
shell,2000,reverse_sorted,28,3568607325626933029,24506,1
library,2000,reverse_sorted,29,13784065180693677040,3200814,1
shell,2000,reverse_sorted,29,13784065180693677040,23204,1
merge,2000,reverse_sorted,29,13784065180693677040,27201,1
library,2000,reverse_sorted,30,11145536473762271122,3048570,1
merge,2000,reverse_sorted,30,11145536473762271122,40366,1
shell,2000,reverse_sorted,30,11145536473762271122,24486,1
shell,2000,duplicate_heavy,1,513841949945184254,79388,1
merge,2000,duplicate_heavy,1,513841949945184254,79098,1
library,2000,duplicate_heavy,1,513841949945184254,538117,1
shell,2000,duplicate_heavy,2,16670772664912087248,102171,1
library,2000,duplicate_heavy,2,16670772664912087248,668019,1
merge,2000,duplicate_heavy,2,16670772664912087248,79138,1
merge,2000,duplicate_heavy,3,3423858559288784016,101721,1
shell,2000,duplicate_heavy,3,3423858559288784016,71133,1
library,2000,duplicate_heavy,3,3423858559288784016,604460,1
merge,2000,duplicate_heavy,4,2639478408526332653,77565,1
library,2000,duplicate_heavy,4,2639478408526332653,571629,1
shell,2000,duplicate_heavy,4,2639478408526332653,72856,1
library,2000,duplicate_heavy,5,5840130835160821630,773925,1
shell,2000,duplicate_heavy,5,5840130835160821630,72465,1
merge,2000,duplicate_heavy,5,5840130835160821630,79449,1
library,2000,duplicate_heavy,6,8485879552622666193,696843,1
merge,2000,duplicate_heavy,6,8485879552622666193,113242,1
shell,2000,duplicate_heavy,6,8485879552622666193,100437,1
shell,2000,duplicate_heavy,7,15026408981868167495,105227,1
merge,2000,duplicate_heavy,7,15026408981868167495,137958,1
library,2000,duplicate_heavy,7,15026408981868167495,928837,1
shell,2000,duplicate_heavy,8,16472807690168999899,70462,1
library,2000,duplicate_heavy,8,16472807690168999899,534680,1
merge,2000,duplicate_heavy,8,16472807690168999899,99125,1
merge,2000,duplicate_heavy,9,14809726797464809233,95008,1
shell,2000,duplicate_heavy,9,14809726797464809233,70873,1
library,2000,duplicate_heavy,9,14809726797464809233,532736,1
merge,2000,duplicate_heavy,10,16750932082778700534,77796,1
library,2000,duplicate_heavy,10,16750932082778700534,647100,1
shell,2000,duplicate_heavy,10,16750932082778700534,89497,1
library,2000,duplicate_heavy,11,16506662693193347061,605402,1
shell,2000,duplicate_heavy,11,16506662693193347061,70462,1
merge,2000,duplicate_heavy,11,16506662693193347061,81833,1
library,2000,duplicate_heavy,12,17975200929171424633,560508,1
merge,2000,duplicate_heavy,12,17975200929171424633,77485,1
shell,2000,duplicate_heavy,12,17975200929171424633,75301,1
shell,2000,duplicate_heavy,13,7421496290063844114,73708,1
merge,2000,duplicate_heavy,13,7421496290063844114,76743,1
library,2000,duplicate_heavy,13,7421496290063844114,569805,1
shell,2000,duplicate_heavy,14,34551614316159570,74670,1
library,2000,duplicate_heavy,14,34551614316159570,524221,1
merge,2000,duplicate_heavy,14,34551614316159570,87784,1
merge,2000,duplicate_heavy,15,14366992954099041455,76303,1
shell,2000,duplicate_heavy,15,14366992954099041455,72486,1
library,2000,duplicate_heavy,15,14366992954099041455,565297,1
merge,2000,duplicate_heavy,16,9846986212322302129,95820,1
library,2000,duplicate_heavy,16,9846986212322302129,565707,1
shell,2000,duplicate_heavy,16,9846986212322302129,71234,1
library,2000,duplicate_heavy,17,6594887305852283511,542374,1
shell,2000,duplicate_heavy,17,6594887305852283511,73888,1
merge,2000,duplicate_heavy,17,6594887305852283511,77955,1
library,2000,duplicate_heavy,18,5843804343470096325,520804,1
merge,2000,duplicate_heavy,18,5843804343470096325,77475,1
shell,2000,duplicate_heavy,18,5843804343470096325,73097,1
shell,2000,duplicate_heavy,19,3974787217429248757,74750,1
merge,2000,duplicate_heavy,19,3974787217429248757,76914,1
library,2000,duplicate_heavy,19,3974787217429248757,528578,1
shell,2000,duplicate_heavy,20,962095898153192196,72215,1
library,2000,duplicate_heavy,20,962095898153192196,537155,1
merge,2000,duplicate_heavy,20,962095898153192196,77615,1
merge,2000,duplicate_heavy,21,7468763541085288488,76743,1
shell,2000,duplicate_heavy,21,7468763541085288488,72105,1
library,2000,duplicate_heavy,21,7468763541085288488,544579,1
merge,2000,duplicate_heavy,22,13927898074351712977,77345,1
library,2000,duplicate_heavy,22,13927898074351712977,585615,1
shell,2000,duplicate_heavy,22,13927898074351712977,73587,1
library,2000,duplicate_heavy,23,439895867793449827,575396,1
shell,2000,duplicate_heavy,23,439895867793449827,73748,1
merge,2000,duplicate_heavy,23,439895867793449827,78597,1
library,2000,duplicate_heavy,24,7216021820056154656,562241,1
merge,2000,duplicate_heavy,24,7216021820056154656,77334,1
shell,2000,duplicate_heavy,24,7216021820056154656,70882,1
shell,2000,duplicate_heavy,25,4681815273670212596,71403,1
merge,2000,duplicate_heavy,25,4681815273670212596,76083,1
library,2000,duplicate_heavy,25,4681815273670212596,559076,1
shell,2000,duplicate_heavy,26,15374325052130422968,71533,1
library,2000,duplicate_heavy,26,15374325052130422968,574905,1
merge,2000,duplicate_heavy,26,15374325052130422968,77285,1
merge,2000,duplicate_heavy,27,4987591657714742074,76743,1
shell,2000,duplicate_heavy,27,4987591657714742074,74560,1
library,2000,duplicate_heavy,27,4987591657714742074,734363,1
merge,2000,duplicate_heavy,28,3247218661951717957,105317,1
library,2000,duplicate_heavy,28,3247218661951717957,1050213,1
shell,2000,duplicate_heavy,28,3247218661951717957,96971,1
library,2000,duplicate_heavy,29,9215427921740634294,925893,1
shell,2000,duplicate_heavy,29,9215427921740634294,86001,1
merge,2000,duplicate_heavy,29,9215427921740634294,78938,1
library,2000,duplicate_heavy,30,2855030934935220290,631921,1
merge,2000,duplicate_heavy,30,2855030934935220290,91060,1
shell,2000,duplicate_heavy,30,2855030934935220290,74379,1
shell,5000,random,1,4152880404803251604,380802,1
merge,5000,random,1,4152880404803251604,318365,1
library,5000,random,1,4152880404803251604,999359,1
shell,5000,random,2,3547372350795215561,389648,1
library,5000,random,2,3547372350795215561,902287,1
merge,5000,random,2,3547372350795215561,306193,1
merge,5000,random,3,16744834308034484012,383538,1
shell,5000,random,3,16744834308034484012,480138,1
library,5000,random,3,16744834308034484012,1229469,1
merge,5000,random,4,5492185489812004109,314498,1
library,5000,random,4,5492185489812004109,843507,1
shell,5000,random,4,5492185489812004109,356907,1
library,5000,random,5,1766679856231266525,831405,1
shell,5000,random,5,1766679856231266525,381253,1
merge,5000,random,5,1766679856231266525,294280,1
library,5000,random,6,7973733366721018628,827287,1
merge,5000,random,6,7973733366721018628,292457,1
shell,5000,random,6,7973733366721018628,404837,1
shell,5000,random,7,5218833774897122400,409686,1
merge,5000,random,7,5218833774897122400,297656,1
library,5000,random,7,5218833774897122400,827527,1
shell,5000,random,8,16283266665486699191,372436,1
library,5000,random,8,16283266665486699191,889794,1
merge,5000,random,8,16283266665486699191,295322,1
merge,5000,random,9,13698389874733054913,302837,1
shell,5000,random,9,13698389874733054913,391732,1
library,5000,random,9,13698389874733054913,840221,1
merge,5000,random,10,8317454675194499000,303477,1
library,5000,random,10,8317454675194499000,825133,1
shell,5000,random,10,8317454675194499000,431505,1
library,5000,random,11,10389447444258129655,928566,1
shell,5000,random,11,10389447444258129655,383688,1
merge,5000,random,11,10389447444258129655,295222,1
library,5000,random,12,15585404041744011594,889152,1
merge,5000,random,12,15585404041744011594,293960,1
shell,5000,random,12,15585404041744011594,372135,1
shell,5000,random,13,434361483849963037,382054,1
merge,5000,random,13,434361483849963037,322393,1
library,5000,random,13,434361483849963037,882900,1
shell,5000,random,14,4408951759372976695,364702,1
library,5000,random,14,4408951759372976695,868855,1
merge,5000,random,14,4408951759372976695,294641,1
merge,5000,random,15,8275195697039766653,328845,1
shell,5000,random,15,8275195697039766653,358952,1
library,5000,random,15,8275195697039766653,867973,1
merge,5000,random,16,7864376898229909798,303728,1
library,5000,random,16,7864376898229909798,807470,1
shell,5000,random,16,7864376898229909798,401240,1
library,5000,random,17,9729163416155419886,862383,1
shell,5000,random,17,9729163416155419886,367898,1
merge,5000,random,17,9729163416155419886,314938,1
library,5000,random,18,16321829646997512212,861771,1
merge,5000,random,18,16321829646997512212,294481,1
shell,5000,random,18,16321829646997512212,369701,1
shell,5000,random,19,1492691620713701787,416409,1
merge,5000,random,19,1492691620713701787,294711,1
library,5000,random,19,1492691620713701787,1193301,1
shell,5000,random,20,3544467861506171492,448118,1
library,5000,random,20,3544467861506171492,2066353,1
merge,5000,random,20,3544467861506171492,600864,1
merge,5000,random,21,6719051053379755147,391292,1
shell,5000,random,21,6719051053379755147,445202,1
library,5000,random,21,6719051053379755147,1553605,1
merge,5000,random,22,7004144428665839727,295823,1
library,5000,random,22,7004144428665839727,1346600,1
shell,5000,random,22,7004144428665839727,1997254,1
library,5000,random,23,15096182083854454990,1405027,1
shell,5000,random,23,15096182083854454990,482733,1
merge,5000,random,23,15096182083854454990,402032,1
library,5000,random,24,3532536171494414610,1325999,1
merge,5000,random,24,3532536171494414610,402453,1
shell,5000,random,24,3532536171494414610,444511,1
shell,5000,random,25,9095978144729452921,475659,1
merge,5000,random,25,9095978144729452921,390530,1
library,5000,random,25,9095978144729452921,1315460,1
shell,5000,random,26,14002359750747940997,477563,1
library,5000,random,26,14002359750747940997,1307555,1
merge,5000,random,26,14002359750747940997,400939,1
merge,5000,random,27,8255362221098686681,434132,1
shell,5000,random,27,8255362221098686681,488413,1
library,5000,random,27,8255362221098686681,1330468,1
merge,5000,random,28,3156039332200025660,296875,1
library,5000,random,28,3156039332200025660,1144971,1
shell,5000,random,28,3156039332200025660,621221,1
library,5000,random,29,17865955381646549133,1560535,1
shell,5000,random,29,17865955381646549133,596405,1
merge,5000,random,29,17865955381646549133,462865,1
library,5000,random,30,16420758640349012822,1361706,1
merge,5000,random,30,16420758640349012822,414074,1
shell,5000,random,30,16420758640349012822,482713,1
shell,5000,already_sorted,1,5162761699049204380,125845,1
merge,5000,already_sorted,1,5162761699049204380,170449,1
library,5000,already_sorted,1,5162761699049204380,43627232,1
shell,5000,already_sorted,2,9028386870186792501,120775,1
library,5000,already_sorted,2,9028386870186792501,29441348,1
merge,5000,already_sorted,2,9028386870186792501,147075,1
merge,5000,already_sorted,3,8894864829020972434,144951,1
shell,5000,already_sorted,3,8894864829020972434,139752,1
library,5000,already_sorted,3,8894864829020972434,31084410,1
merge,5000,already_sorted,4,4385563978427390114,72886,1
library,5000,already_sorted,4,4385563978427390114,26020171,1
shell,5000,already_sorted,4,4385563978427390114,51066,1
library,5000,already_sorted,5,16168906135376614640,25307829,1
shell,5000,already_sorted,5,16168906135376614640,51096,1
merge,5000,already_sorted,5,16168906135376614640,97503,1
library,5000,already_sorted,6,11370172527995767256,22630032,1
merge,5000,already_sorted,6,11370172527995767256,72706,1
shell,5000,already_sorted,6,11370172527995767256,51055,1
shell,5000,already_sorted,7,13933481400154768399,50996,1
merge,5000,already_sorted,7,13933481400154768399,71794,1
library,5000,already_sorted,7,13933481400154768399,27042502,1
shell,5000,already_sorted,8,2703239968130885575,51075,1
library,5000,already_sorted,8,2703239968130885575,24606247,1
merge,5000,already_sorted,8,2703239968130885575,100618,1
merge,5000,already_sorted,9,16006465313585019113,86272,1
shell,5000,already_sorted,9,16006465313585019113,51065,1
library,5000,already_sorted,9,16006465313585019113,23824726,1
merge,5000,already_sorted,10,17292585097409500682,72726,1
library,5000,already_sorted,10,17292585097409500682,22677301,1
shell,5000,already_sorted,10,17292585097409500682,51416,1
library,5000,already_sorted,11,3014705272309079492,26340500,1
shell,5000,already_sorted,11,3014705272309079492,133129,1
merge,5000,already_sorted,11,3014705272309079492,148417,1
library,5000,already_sorted,12,6766407682021198792,28140365,1
merge,5000,already_sorted,12,6766407682021198792,73087,1
shell,5000,already_sorted,12,6766407682021198792,51056,1
shell,5000,already_sorted,13,13042735267689116865,51006,1
merge,5000,already_sorted,13,13042735267689116865,71723,1
library,5000,already_sorted,13,13042735267689116865,22446790,1
shell,5000,already_sorted,14,5789641656761776053,51046,1
library,5000,already_sorted,14,5789641656761776053,22996588,1
merge,5000,already_sorted,14,5789641656761776053,72986,1
merge,5000,already_sorted,15,16660768541627828699,71694,1
shell,5000,already_sorted,15,16660768541627828699,51055,1
library,5000,already_sorted,15,16660768541627828699,30600946,1
merge,5000,already_sorted,16,10307402824317852253,73007,1
library,5000,already_sorted,16,10307402824317852253,27756818,1
shell,5000,already_sorted,16,10307402824317852253,113642,1
library,5000,already_sorted,17,8078494766918207450,44505234,1
shell,5000,already_sorted,17,8078494766918207450,51216,1
merge,5000,already_sorted,17,8078494766918207450,73197,1
library,5000,already_sorted,18,2753765298810495162,31260499,1
merge,5000,already_sorted,18,2753765298810495162,73427,1
shell,5000,already_sorted,18,2753765298810495162,51055,1
shell,5000,already_sorted,19,7128079841153535203,50986,1
merge,5000,already_sorted,19,7128079841153535203,71714,1
library,5000,already_sorted,19,7128079841153535203,22553850,1
shell,5000,already_sorted,20,10235542572480770908,51046,1
library,5000,already_sorted,20,10235542572480770908,25170543,1
merge,5000,already_sorted,20,10235542572480770908,73146,1
merge,5000,already_sorted,21,3737226320390983530,71714,1
shell,5000,already_sorted,21,3737226320390983530,51045,1
library,5000,already_sorted,21,3737226320390983530,25522320,1
merge,5000,already_sorted,22,14229971348470270020,72857,1
library,5000,already_sorted,22,14229971348470270020,22765546,1
shell,5000,already_sorted,22,14229971348470270020,51156,1
library,5000,already_sorted,23,1739073775816506396,24901630,1
shell,5000,already_sorted,23,1739073775816506396,51095,1
merge,5000,already_sorted,23,1739073775816506396,73176,1
library,5000,already_sorted,24,2793779736378255598,22604124,1
merge,5000,already_sorted,24,2793779736378255598,72745,1
shell,5000,already_sorted,24,2793779736378255598,50995,1
shell,5000,already_sorted,25,235898991230197042,69710,1
merge,5000,already_sorted,25,235898991230197042,71874,1
library,5000,already_sorted,25,235898991230197042,22687079,1
shell,5000,already_sorted,26,14447789294080819022,51056,1
library,5000,already_sorted,26,14447789294080819022,23057521,1
merge,5000,already_sorted,26,14447789294080819022,131025,1
merge,5000,already_sorted,27,6747868178649779561,72185,1
shell,5000,already_sorted,27,6747868178649779561,51055,1
library,5000,already_sorted,27,6747868178649779561,22653817,1
merge,5000,already_sorted,28,11405534969213423893,81743,1
library,5000,already_sorted,28,11405534969213423893,22619512,1
shell,5000,already_sorted,28,11405534969213423893,51025,1
library,5000,already_sorted,29,3583132748167829584,23151738,1
shell,5000,already_sorted,29,3583132748167829584,80110,1
merge,5000,already_sorted,29,3583132748167829584,72896,1
library,5000,already_sorted,30,15209789939960953061,30225324,1
merge,5000,already_sorted,30,15209789939960953061,131306,1
shell,5000,already_sorted,30,15209789939960953061,122770,1
shell,5000,reverse_sorted,1,16543149919651777488,159859,1
merge,5000,reverse_sorted,1,16543149919651777488,149700,1
library,5000,reverse_sorted,1,16543149919651777488,36606946,1
shell,5000,reverse_sorted,2,6555446327149361951,156222,1
library,5000,reverse_sorted,2,6555446327149361951,37257472,1
merge,5000,reverse_sorted,2,6555446327149361951,179936,1
merge,5000,reverse_sorted,3,9167087505099644324,166260,1
shell,5000,reverse_sorted,3,9167087505099644324,155921,1
library,5000,reverse_sorted,3,9167087505099644324,21375767,1
merge,5000,reverse_sorted,4,6712412922630452301,72957,1
library,5000,reverse_sorted,4,6712412922630452301,18143193,1
shell,5000,reverse_sorted,4,6712412922630452301,66454,1
library,5000,reverse_sorted,5,11397252888854114727,17969258,1
shell,5000,reverse_sorted,5,11397252888854114727,65984,1
merge,5000,reverse_sorted,5,11397252888854114727,72736,1
library,5000,reverse_sorted,6,13675018918068639963,18308242,1
merge,5000,reverse_sorted,6,13675018918068639963,72836,1
shell,5000,reverse_sorted,6,13675018918068639963,71634,1
shell,5000,reverse_sorted,7,5373169120168353540,69740,1
merge,5000,reverse_sorted,7,5373169120168353540,71925,1
library,5000,reverse_sorted,7,5373169120168353540,20000736,1
shell,5000,reverse_sorted,8,15027759284875787182,66505,1
library,5000,reverse_sorted,8,15027759284875787182,18112957,1
merge,5000,reverse_sorted,8,15027759284875787182,73026,1
merge,5000,reverse_sorted,9,17176154394811702332,71884,1
shell,5000,reverse_sorted,9,17176154394811702332,66024,1
library,5000,reverse_sorted,9,17176154394811702332,18184721,1
merge,5000,reverse_sorted,10,5206470394139057305,72696,1
library,5000,reverse_sorted,10,5206470394139057305,18342045,1
shell,5000,reverse_sorted,10,5206470394139057305,66575,1
library,5000,reverse_sorted,11,8070792765389913134,18299365,1
shell,5000,reverse_sorted,11,8070792765389913134,66294,1
merge,5000,reverse_sorted,11,8070792765389913134,73067,1
library,5000,reverse_sorted,12,1387258876865352526,18835367,1
merge,5000,reverse_sorted,12,1387258876865352526,156532,1
shell,5000,reverse_sorted,12,1387258876865352526,152986,1
shell,5000,reverse_sorted,13,16265150458970128446,147596,1
merge,5000,reverse_sorted,13,16265150458970128446,167773,1
library,5000,reverse_sorted,13,16265150458970128446,18750819,1
shell,5000,reverse_sorted,14,10556177960954255857,66173,1
library,5000,reverse_sorted,14,10556177960954255857,18286061,1
merge,5000,reverse_sorted,14,10556177960954255857,85740,1
merge,5000,reverse_sorted,15,332676749523252776,71874,1
shell,5000,reverse_sorted,15,332676749523252776,66254,1
library,5000,reverse_sorted,15,332676749523252776,18031224,1
merge,5000,reverse_sorted,16,11739581914713310174,82304,1
library,5000,reverse_sorted,16,11739581914713310174,19242649,1
shell,5000,reverse_sorted,16,11739581914713310174,66865,1
library,5000,reverse_sorted,17,17305330405172784685,18062312,1
shell,5000,reverse_sorted,17,17305330405172784685,66094,1
merge,5000,reverse_sorted,17,17305330405172784685,73077,1
library,5000,reverse_sorted,18,5435884926833176036,17950663,1
merge,5000,reverse_sorted,18,5435884926833176036,72836,1
shell,5000,reverse_sorted,18,5435884926833176036,66344,1
shell,5000,reverse_sorted,19,15520799080466883129,65953,1
merge,5000,reverse_sorted,19,15520799080466883129,71945,1
library,5000,reverse_sorted,19,15520799080466883129,18415833,1
shell,5000,reverse_sorted,20,12514679174985727888,66474,1
library,5000,reverse_sorted,20,12514679174985727888,18280020,1
merge,5000,reverse_sorted,20,12514679174985727888,72966,1
merge,5000,reverse_sorted,21,5471055661604442202,71805,1
shell,5000,reverse_sorted,21,5471055661604442202,66454,1
library,5000,reverse_sorted,21,5471055661604442202,19162319,1
merge,5000,reverse_sorted,22,534315019840379194,180418,1
library,5000,reverse_sorted,22,534315019840379194,19327818,1
shell,5000,reverse_sorted,22,534315019840379194,66926,1
library,5000,reverse_sorted,23,3479680503359379408,18099572,1
shell,5000,reverse_sorted,23,3479680503359379408,66203,1
merge,5000,reverse_sorted,23,3479680503359379408,72827,1
library,5000,reverse_sorted,24,10204860659252575525,34322536,1
merge,5000,reverse_sorted,24,10204860659252575525,155822,1
shell,5000,reverse_sorted,24,10204860659252575525,152545,1
shell,5000,reverse_sorted,25,7016331399203022756,168455,1
merge,5000,reverse_sorted,25,7016331399203022756,155712,1
library,5000,reverse_sorted,25,7016331399203022756,38905474,1
shell,5000,reverse_sorted,26,10087499494344324437,156743,1
library,5000,reverse_sorted,26,10087499494344324437,26158140,1
merge,5000,reverse_sorted,26,10087499494344324437,73186,1
merge,5000,reverse_sorted,27,12613778218361791959,71884,1
shell,5000,reverse_sorted,27,12613778218361791959,77104,1
library,5000,reverse_sorted,27,12613778218361791959,18400993,1
merge,5000,reverse_sorted,28,18003125038528784129,72716,1
library,5000,reverse_sorted,28,18003125038528784129,21063604,1
shell,5000,reverse_sorted,28,18003125038528784129,66705,1
library,5000,reverse_sorted,29,13943045747247303699,18140508,1
shell,5000,reverse_sorted,29,13943045747247303699,66174,1
merge,5000,reverse_sorted,29,13943045747247303699,73187,1
library,5000,reverse_sorted,30,18159463906649428042,18101856,1
merge,5000,reverse_sorted,30,18159463906649428042,72796,1
shell,5000,reverse_sorted,30,18159463906649428042,66314,1
shell,5000,duplicate_heavy,1,2923132355034541945,217857,1
merge,5000,duplicate_heavy,1,2923132355034541945,201918,1
library,5000,duplicate_heavy,1,2923132355034541945,2336629,1
shell,5000,duplicate_heavy,2,10579528139402509962,205926,1
library,5000,duplicate_heavy,2,10579528139402509962,2372676,1
merge,5000,duplicate_heavy,2,10579528139402509962,200395,1
merge,5000,duplicate_heavy,3,15983794680740524254,196468,1
shell,5000,duplicate_heavy,3,15983794680740524254,197429,1
library,5000,duplicate_heavy,3,15983794680740524254,2337290,1
merge,5000,duplicate_heavy,4,6241499815394210245,200205,1
library,5000,duplicate_heavy,4,6241499815394210245,2427999,1
shell,5000,duplicate_heavy,4,6241499815394210245,292868,1
library,5000,duplicate_heavy,5,4123256184021433723,4772804,1
shell,5000,duplicate_heavy,5,4123256184021433723,285854,1
merge,5000,duplicate_heavy,5,4123256184021433723,293289,1
library,5000,duplicate_heavy,6,15263115806010810773,3915020,1
merge,5000,duplicate_heavy,6,15263115806010810773,294320,1
shell,5000,duplicate_heavy,6,15263115806010810773,291094,1
shell,5000,duplicate_heavy,7,2833387809179552691,298979,1
merge,5000,duplicate_heavy,7,2833387809179552691,286215,1
library,5000,duplicate_heavy,7,2833387809179552691,4394316,1
shell,5000,duplicate_heavy,8,5875927584584960878,200565,1
library,5000,duplicate_heavy,8,5875927584584960878,2521595,1
merge,5000,duplicate_heavy,8,5875927584584960878,201326,1
merge,5000,duplicate_heavy,9,2988920561427323256,197419,1
shell,5000,duplicate_heavy,9,2988920561427323256,211826,1
library,5000,duplicate_heavy,9,2988920561427323256,2934607,1
merge,5000,duplicate_heavy,10,17084036257432477038,310390,1
library,5000,duplicate_heavy,10,17084036257432477038,3099275,1
shell,5000,duplicate_heavy,10,17084036257432477038,205544,1
library,5000,duplicate_heavy,11,17532593255307985842,2469026,1
shell,5000,duplicate_heavy,11,17532593255307985842,200345,1
merge,5000,duplicate_heavy,11,17532593255307985842,201126,1
library,5000,duplicate_heavy,12,2749723182286097749,2452195,1
merge,5000,duplicate_heavy,12,2749723182286097749,198792,1
shell,5000,duplicate_heavy,12,2749723182286097749,193663,1
shell,5000,duplicate_heavy,13,2325839958082024032,213489,1
merge,5000,duplicate_heavy,13,2325839958082024032,197539,1
library,5000,duplicate_heavy,13,2325839958082024032,2725857,1
shell,5000,duplicate_heavy,14,18419990025944330345,271447,1
library,5000,duplicate_heavy,14,18419990025944330345,4280513,1
merge,5000,duplicate_heavy,14,18419990025944330345,288379,1
merge,5000,duplicate_heavy,15,12808715575469902056,298779,1
shell,5000,duplicate_heavy,15,12808715575469902056,277508,1
library,5000,duplicate_heavy,15,12808715575469902056,4361575,1
merge,5000,duplicate_heavy,16,2570164132773369356,288039,1
library,5000,duplicate_heavy,16,2570164132773369356,3804643,1
shell,5000,duplicate_heavy,16,2570164132773369356,201026,1
library,5000,duplicate_heavy,17,5690794088332695356,2535470,1
shell,5000,duplicate_heavy,17,5690794088332695356,197419,1
merge,5000,duplicate_heavy,17,5690794088332695356,200254,1
library,5000,duplicate_heavy,18,4642441177689420764,2424934,1
merge,5000,duplicate_heavy,18,4642441177689420764,198391,1
shell,5000,duplicate_heavy,18,4642441177689420764,195135,1
shell,5000,duplicate_heavy,19,16916173299621585287,198421,1
merge,5000,duplicate_heavy,19,16916173299621585287,197730,1
library,5000,duplicate_heavy,19,16916173299621585287,2322873,1
shell,5000,duplicate_heavy,20,3012084629199358093,200124,1
library,5000,duplicate_heavy,20,3012084629199358093,2452546,1
merge,5000,duplicate_heavy,20,3012084629199358093,213129,1
merge,5000,duplicate_heavy,21,14850175356718813218,196297,1
shell,5000,duplicate_heavy,21,14850175356718813218,194353,1
library,5000,duplicate_heavy,21,14850175356718813218,2288529,1
merge,5000,duplicate_heavy,22,184410652376081632,200665,1
library,5000,duplicate_heavy,22,184410652376081632,2368408,1
shell,5000,duplicate_heavy,22,184410652376081632,210775,1
library,5000,duplicate_heavy,23,1298329210939431957,2402633,1
shell,5000,duplicate_heavy,23,1298329210939431957,208750,1
merge,5000,duplicate_heavy,23,1298329210939431957,198351,1
library,5000,duplicate_heavy,24,8182830208797507635,2599120,1
merge,5000,duplicate_heavy,24,8182830208797507635,199473,1
shell,5000,duplicate_heavy,24,8182830208797507635,198241,1
shell,5000,duplicate_heavy,25,3452058633620814149,216805,1
merge,5000,duplicate_heavy,25,3452058633620814149,198642,1
library,5000,duplicate_heavy,25,3452058633620814149,2735875,1
shell,5000,duplicate_heavy,26,8475553834915930093,203791,1
library,5000,duplicate_heavy,26,8475553834915930093,2475228,1
merge,5000,duplicate_heavy,26,8475553834915930093,201227,1
merge,5000,duplicate_heavy,27,9040991697950040644,197329,1
shell,5000,duplicate_heavy,27,9040991697950040644,193642,1
library,5000,duplicate_heavy,27,9040991697950040644,2513409,1
merge,5000,duplicate_heavy,28,8607341345126795463,199764,1
library,5000,duplicate_heavy,28,8607341345126795463,2265286,1
shell,5000,duplicate_heavy,28,8607341345126795463,199974,1
library,5000,duplicate_heavy,29,10678888384857866260,2437788,1
shell,5000,duplicate_heavy,29,10678888384857866260,197880,1
merge,5000,duplicate_heavy,29,10678888384857866260,220763,1
library,5000,duplicate_heavy,30,14160830889539949078,2378277,1
merge,5000,duplicate_heavy,30,14160830889539949078,199704,1
shell,5000,duplicate_heavy,30,14160830889539949078,198481,1
shell,10000,random,1,4107932464077589398,809393,1
merge,10000,random,1,4107932464077589398,651508,1
library,10000,random,1,4107932464077589398,2007593,1
shell,10000,random,2,1737186409910303692,779367,1
library,10000,random,2,1737186409910303692,1935820,1
merge,10000,random,2,1737186409910303692,655335,1
merge,10000,random,3,6002204467326803278,638103,1
shell,10000,random,3,6002204467326803278,787152,1
library,10000,random,3,6002204467326803278,1787391,1
merge,10000,random,4,5174500120224520447,650637,1
library,10000,random,4,5174500120224520447,1779286,1
shell,10000,random,4,5174500120224520447,810205,1
library,10000,random,5,7429938552208327427,1920851,1
shell,10000,random,5,7429938552208327427,802430,1
merge,10000,random,5,7429938552208327427,643864,1
library,10000,random,6,1583186811310987383,1946529,1
merge,10000,random,6,1583186811310987383,672889,1
shell,10000,random,6,1583186811310987383,813661,1
shell,10000,random,7,15619450613492644694,861601,1
merge,10000,random,7,15619450613492644694,634246,1
library,10000,random,7,15619450613492644694,1913848,1
shell,10000,random,8,1167439092686442799,799074,1
library,10000,random,8,1167439092686442799,1911514,1
merge,10000,random,8,1167439092686442799,645948,1
merge,10000,random,9,14886762459336237339,636831,1
shell,10000,random,9,14886762459336237339,800006,1
library,10000,random,9,14886762459336237339,1803472,1
merge,10000,random,10,18156183800912956815,634947,1
library,10000,random,10,18156183800912956815,1809303,1
shell,10000,random,10,18156183800912956815,814313,1
library,10000,random,11,6476170926056237226,1915652,1
shell,10000,random,11,6476170926056237226,821646,1
merge,10000,random,11,6476170926056237226,634857,1
library,10000,random,12,3356932017051472038,1870227,1
merge,10000,random,12,3356932017051472038,643443,1
shell,10000,random,12,3356932017051472038,872631,1
shell,10000,random,13,16289961045948519078,806818,1
merge,10000,random,13,16289961045948519078,641289,1
library,10000,random,13,16289961045948519078,1853856,1
shell,10000,random,14,7011173122484374960,869496,1
library,10000,random,14,7011173122484374960,1910152,1
merge,10000,random,14,7011173122484374960,634436,1
merge,10000,random,15,408016828535613185,643152,1
shell,10000,random,15,408016828535613185,901336,1
library,10000,random,15,408016828535613185,2055345,1
merge,10000,random,16,394802548634557990,894911,1
library,10000,random,16,394802548634557990,2289801,1
shell,10000,random,16,394802548634557990,980053,1
library,10000,random,17,15274738327079452203,1876469,1
shell,10000,random,17,15274738327079452203,807751,1
merge,10000,random,17,15274738327079452203,652210,1
library,10000,random,18,7493263204639973691,1832897,1
merge,10000,random,18,7493263204639973691,644324,1
shell,10000,random,18,7493263204639973691,808151,1
shell,10000,random,19,15514633761147358375,802681,1
merge,10000,random,19,15514633761147358375,642811,1
library,10000,random,19,15514633761147358375,1827457,1
shell,10000,random,20,10762943046149361076,781160,1
library,10000,random,20,10762943046149361076,1872872,1
merge,10000,random,20,10762943046149361076,641659,1
merge,10000,random,21,5410742607473766066,629768,1
shell,10000,random,21,5410742607473766066,800116,1
library,10000,random,21,5410742607473766066,1827467,1
merge,10000,random,22,5568723495930691626,643143,1
library,10000,random,22,5568723495930691626,1847294,1
shell,10000,random,22,5568723495930691626,820925,1
library,10000,random,23,15435882015810014999,1889403,1
shell,10000,random,23,15435882015810014999,865329,1
merge,10000,random,23,15435882015810014999,816016,1
library,10000,random,24,17419508527369693953,1858635,1
merge,10000,random,24,17419508527369693953,649304,1
shell,10000,random,24,17419508527369693953,806008,1
shell,10000,random,25,5356222440192256849,835573,1
merge,10000,random,25,5356222440192256849,648873,1
library,10000,random,25,5356222440192256849,1819813,1
shell,10000,random,26,31987896269319892,798053,1
library,10000,random,26,31987896269319892,1963231,1
merge,10000,random,26,31987896269319892,666807,1
merge,10000,random,27,11184756804058524309,629166,1
shell,10000,random,27,11184756804058524309,794876,1
library,10000,random,27,11184756804058524309,1874274,1
merge,10000,random,28,9923400494453084005,638985,1
library,10000,random,28,9923400494453084005,2002063,1
shell,10000,random,28,9923400494453084005,798783,1
library,10000,random,29,1744595545713790369,1831655,1
shell,10000,random,29,1744595545713790369,804063,1
merge,10000,random,29,1744595545713790369,643824,1
library,10000,random,30,10159262311737495715,1836755,1
merge,10000,random,30,10159262311737495715,642822,1
shell,10000,random,30,10159262311737495715,837667,1
shell,10000,already_sorted,1,9089469434224365099,111168,1
merge,10000,already_sorted,1,9089469434224365099,153938,1
library,10000,already_sorted,1,9089469434224365099,98756411,1
shell,10000,already_sorted,2,5677322070755326771,135244,1
library,10000,already_sorted,2,5677322070755326771,93124750,1
merge,10000,already_sorted,2,5677322070755326771,153397,1
merge,10000,already_sorted,3,4389309924645782127,151443,1
shell,10000,already_sorted,3,4389309924645782127,111198,1
library,10000,already_sorted,3,4389309924645782127,112916374,1
merge,10000,already_sorted,4,14594243157530869074,153077,1
library,10000,already_sorted,4,14594243157530869074,95218084,1
shell,10000,already_sorted,4,14594243157530869074,111188,1
library,10000,already_sorted,5,9067918941497895516,89601682,1
shell,10000,already_sorted,5,9067918941497895516,111198,1
merge,10000,already_sorted,5,9067918941497895516,152976,1
library,10000,already_sorted,6,17676864087001947044,97790494,1
merge,10000,already_sorted,6,17676864087001947044,152966,1
shell,10000,already_sorted,6,17676864087001947044,121117,1
shell,10000,already_sorted,7,4782938926514200598,111128,1
merge,10000,already_sorted,7,4782938926514200598,151414,1
library,10000,already_sorted,7,4782938926514200598,89173382,1
shell,10000,already_sorted,8,11070837594007941421,111208,1
library,10000,already_sorted,8,11070837594007941421,89203959,1
merge,10000,already_sorted,8,11070837594007941421,153046,1
merge,10000,already_sorted,9,11189545981309563996,151403,1
shell,10000,already_sorted,9,11189545981309563996,134131,1
library,10000,already_sorted,9,11189545981309563996,121552786,1
merge,10000,already_sorted,10,13222661266049622068,327492,1
library,10000,already_sorted,10,13222661266049622068,142236525,1
shell,10000,already_sorted,10,13222661266049622068,111188,1
library,10000,already_sorted,11,3447581361584081271,90393704,1
shell,10000,already_sorted,11,3447581361584081271,111188,1
merge,10000,already_sorted,11,3447581361584081271,153197,1
library,10000,already_sorted,12,17191353090424162845,124437798,1
merge,10000,already_sorted,12,17191353090424162845,311242,1
shell,10000,already_sorted,12,17191353090424162845,280063,1
shell,10000,already_sorted,13,3979619731808991258,278721,1
merge,10000,already_sorted,13,3979619731808991258,311432,1
library,10000,already_sorted,13,3979619731808991258,111448572,1
shell,10000,already_sorted,14,12285528477431453857,111198,1
library,10000,already_sorted,14,12285528477431453857,113414725,1
merge,10000,already_sorted,14,12285528477431453857,153537,1
merge,10000,already_sorted,15,927507369785510983,151563,1
shell,10000,already_sorted,15,927507369785510983,111208,1
library,10000,already_sorted,15,927507369785510983,92642228,1
merge,10000,already_sorted,16,8707723232486977134,152876,1
library,10000,already_sorted,16,8707723232486977134,93058306,1
shell,10000,already_sorted,16,8707723232486977134,120455,1
library,10000,already_sorted,17,12941323042540989762,138179310,1
shell,10000,already_sorted,17,12941323042540989762,111178,1
merge,10000,already_sorted,17,12941323042540989762,156353,1
library,10000,already_sorted,18,14393728312140337434,96876977,1
merge,10000,already_sorted,18,14393728312140337434,163446,1
shell,10000,already_sorted,18,14393728312140337434,111178,1
shell,10000,already_sorted,19,2116222715530651685,111118,1
merge,10000,already_sorted,19,2116222715530651685,151433,1
library,10000,already_sorted,19,2116222715530651685,88996040,1
shell,10000,already_sorted,20,18356692103268876087,138589,1
library,10000,already_sorted,20,18356692103268876087,88888357,1
merge,10000,already_sorted,20,18356692103268876087,162444,1
merge,10000,already_sorted,21,14389993307439007612,151423,1
shell,10000,already_sorted,21,14389993307439007612,111178,1
library,10000,already_sorted,21,14389993307439007612,92728070,1
merge,10000,already_sorted,22,12743047528031444198,155481,1
library,10000,already_sorted,22,12743047528031444198,89255503,1
shell,10000,already_sorted,22,12743047528031444198,111188,1
library,10000,already_sorted,23,16528340644166770068,90683134,1
shell,10000,already_sorted,23,16528340644166770068,129341,1
merge,10000,already_sorted,23,16528340644166770068,156704,1
library,10000,already_sorted,24,7187084662203758944,103844873,1
merge,10000,already_sorted,24,7187084662203758944,153237,1
shell,10000,already_sorted,24,7187084662203758944,111188,1
shell,10000,already_sorted,25,1009323357701262470,111218,1
merge,10000,already_sorted,25,1009323357701262470,152094,1
library,10000,already_sorted,25,1009323357701262470,91799039,1
shell,10000,already_sorted,26,8393942957220783774,111188,1
library,10000,already_sorted,26,8393942957220783774,92085238,1
merge,10000,already_sorted,26,8393942957220783774,153116,1
merge,10000,already_sorted,27,12543732205621456287,151423,1
shell,10000,already_sorted,27,12543732205621456287,111188,1
library,10000,already_sorted,27,12543732205621456287,91123847,1
merge,10000,already_sorted,28,10997108034557497317,152736,1
library,10000,already_sorted,28,10997108034557497317,88782220,1
shell,10000,already_sorted,28,10997108034557497317,111198,1
library,10000,already_sorted,29,13316024591555843475,97284427,1
shell,10000,already_sorted,29,13316024591555843475,111208,1
merge,10000,already_sorted,29,13316024591555843475,177962,1
library,10000,already_sorted,30,14509204133172415436,89131453,1
merge,10000,already_sorted,30,14509204133172415436,153127,1
shell,10000,already_sorted,30,14509204133172415436,111188,1
shell,10000,reverse_sorted,1,14143533933260786544,143899,1
merge,10000,reverse_sorted,1,14143533933260786544,152205,1
library,10000,reverse_sorted,1,14143533933260786544,70548989,1
shell,10000,reverse_sorted,2,6936891817587937343,143418,1
library,10000,reverse_sorted,2,6936891817587937343,70738363,1
merge,10000,reverse_sorted,2,6936891817587937343,153207,1
merge,10000,reverse_sorted,3,3251153854747956571,151413,1
shell,10000,reverse_sorted,3,3251153854747956571,142897,1
library,10000,reverse_sorted,3,3251153854747956571,102303472,1
merge,10000,reverse_sorted,4,1610614053147303331,178804,1
library,10000,reverse_sorted,4,1610614053147303331,102154213,1
shell,10000,reverse_sorted,4,1610614053147303331,310250,1
library,10000,reverse_sorted,5,13223385549257740700,89341988,1
shell,10000,reverse_sorted,5,13223385549257740700,143588,1
merge,10000,reverse_sorted,5,13223385549257740700,153618,1
library,10000,reverse_sorted,6,13616745320792345697,70886620,1
merge,10000,reverse_sorted,6,13616745320792345697,162865,1
shell,10000,reverse_sorted,6,13616745320792345697,143388,1
shell,10000,reverse_sorted,7,3963810392431123318,142687,1
merge,10000,reverse_sorted,7,3963810392431123318,151965,1
library,10000,reverse_sorted,7,3963810392431123318,71138218,1
shell,10000,reverse_sorted,8,718154546287305702,142877,1
library,10000,reverse_sorted,8,718154546287305702,70756287,1
merge,10000,reverse_sorted,8,718154546287305702,153056,1
merge,10000,reverse_sorted,9,13464516564910004723,190466,1
shell,10000,reverse_sorted,9,13464516564910004723,164248,1
library,10000,reverse_sorted,9,13464516564910004723,70894274,1
merge,10000,reverse_sorted,10,610009749262947344,152545,1
library,10000,reverse_sorted,10,610009749262947344,111140477,1
shell,10000,reverse_sorted,10,610009749262947344,327833,1
library,10000,reverse_sorted,11,8587098859095517784,80228347,1
shell,10000,reverse_sorted,11,8587098859095517784,143789,1
merge,10000,reverse_sorted,11,8587098859095517784,153276,1
library,10000,reverse_sorted,12,11130347674420541258,70800657,1
merge,10000,reverse_sorted,12,11130347674420541258,162724,1
shell,10000,reverse_sorted,12,11130347674420541258,144200,1
shell,10000,reverse_sorted,13,10501315297684900110,142888,1
merge,10000,reverse_sorted,13,10501315297684900110,151804,1
library,10000,reverse_sorted,13,10501315297684900110,70757439,1
shell,10000,reverse_sorted,14,1702700470850880720,197980,1
library,10000,reverse_sorted,14,1702700470850880720,70491251,1
merge,10000,reverse_sorted,14,1702700470850880720,152796,1
merge,10000,reverse_sorted,15,9289172549413093708,151473,1
shell,10000,reverse_sorted,15,9289172549413093708,151473,1
library,10000,reverse_sorted,15,9289172549413093708,70920684,1
merge,10000,reverse_sorted,16,18378877927788687857,152525,1
library,10000,reverse_sorted,16,18378877927788687857,70805619,1
shell,10000,reverse_sorted,16,18378877927788687857,167212,1
library,10000,reverse_sorted,17,1737779428294071890,70702045,1
shell,10000,reverse_sorted,17,1737779428294071890,327943,1
merge,10000,reverse_sorted,17,1737779428294071890,305993,1
library,10000,reverse_sorted,18,2093098199209738480,72991265,1
merge,10000,reverse_sorted,18,2093098199209738480,153297,1
shell,10000,reverse_sorted,18,2093098199209738480,162093,1
shell,10000,reverse_sorted,19,17421698635802647596,151774,1
merge,10000,reverse_sorted,19,17421698635802647596,151693,1
library,10000,reverse_sorted,19,17421698635802647596,73077237,1
shell,10000,reverse_sorted,20,14824858878051339449,143468,1
library,10000,reverse_sorted,20,14824858878051339449,78469708,1
merge,10000,reverse_sorted,20,14824858878051339449,153127,1
merge,10000,reverse_sorted,21,12941513234031843282,151664,1
shell,10000,reverse_sorted,21,12941513234031843282,143479,1
library,10000,reverse_sorted,21,12941513234031843282,74426770,1
merge,10000,reverse_sorted,22,10289143179385740248,152795,1
library,10000,reverse_sorted,22,10289143179385740248,71143901,1
shell,10000,reverse_sorted,22,10289143179385740248,143438,1
library,10000,reverse_sorted,23,12476936709858566207,71228762,1
shell,10000,reverse_sorted,23,12476936709858566207,143648,1
merge,10000,reverse_sorted,23,12476936709858566207,153137,1
library,10000,reverse_sorted,24,16305505239944334597,71169419,1
merge,10000,reverse_sorted,24,16305505239944334597,290323,1
shell,10000,reverse_sorted,24,16305505239944334597,315740,1
shell,10000,reverse_sorted,25,10913552988347590993,170068,1
merge,10000,reverse_sorted,25,10913552988347590993,152345,1
library,10000,reverse_sorted,25,10913552988347590993,78757816,1
shell,10000,reverse_sorted,26,11457803032549414853,143669,1
library,10000,reverse_sorted,26,11457803032549414853,72195507,1
merge,10000,reverse_sorted,26,11457803032549414853,153157,1
merge,10000,reverse_sorted,27,7477674297129761546,151574,1
shell,10000,reverse_sorted,27,7477674297129761546,143429,1
library,10000,reverse_sorted,27,7477674297129761546,70752450,1
merge,10000,reverse_sorted,28,4010734529682230955,152516,1
library,10000,reverse_sorted,28,4010734529682230955,71179859,1
shell,10000,reverse_sorted,28,4010734529682230955,143649,1
library,10000,reverse_sorted,29,93229982633580456,72678581,1
shell,10000,reverse_sorted,29,93229982633580456,166491,1
merge,10000,reverse_sorted,29,93229982633580456,153136,1
library,10000,reverse_sorted,30,16949935225828360583,70892962,1
merge,10000,reverse_sorted,30,16949935225828360583,152725,1
shell,10000,reverse_sorted,30,16949935225828360583,143669,1
shell,10000,duplicate_heavy,1,10667733463222476719,419384,1
merge,10000,duplicate_heavy,1,10667733463222476719,422900,1
library,10000,duplicate_heavy,1,10667733463222476719,8047887,1
shell,10000,duplicate_heavy,2,16437451324980313242,417822,1
library,10000,duplicate_heavy,2,16437451324980313242,8189332,1
merge,10000,duplicate_heavy,2,16437451324980313242,408985,1
merge,10000,duplicate_heavy,3,9187308561483206005,410778,1
shell,10000,duplicate_heavy,3,9187308561483206005,410297,1
library,10000,duplicate_heavy,3,9187308561483206005,7862591,1
merge,10000,duplicate_heavy,4,1283332217735573581,416860,1
library,10000,duplicate_heavy,4,1283332217735573581,8120243,1
shell,10000,duplicate_heavy,4,1283332217735573581,411780,1
library,10000,duplicate_heavy,5,12205019134183810412,7883300,1
shell,10000,duplicate_heavy,5,12205019134183810412,407152,1
merge,10000,duplicate_heavy,5,12205019134183810412,416980,1
library,10000,duplicate_heavy,6,9591960560699463484,8321128,1
merge,10000,duplicate_heavy,6,9591960560699463484,579874,1
shell,10000,duplicate_heavy,6,9591960560699463484,454089,1
shell,10000,duplicate_heavy,7,3135292134437321720,453407,1
merge,10000,duplicate_heavy,7,3135292134437321720,405358,1
library,10000,duplicate_heavy,7,3135292134437321720,10228425,1
shell,10000,duplicate_heavy,8,13957278177718011339,620090,1
library,10000,duplicate_heavy,8,13957278177718011339,14191695,1
merge,10000,duplicate_heavy,8,13957278177718011339,577459,1
merge,10000,duplicate_heavy,9,6293320359571623542,547484,1
shell,10000,duplicate_heavy,9,6293320359571623542,586336,1
library,10000,duplicate_heavy,9,6293320359571623542,15146099,1
merge,10000,duplicate_heavy,10,5821765119678055662,597337,1
library,10000,duplicate_heavy,10,5821765119678055662,15256956,1
shell,10000,duplicate_heavy,10,5821765119678055662,594311,1
library,10000,duplicate_heavy,11,1534534248591402091,14522444,1
shell,10000,duplicate_heavy,11,1534534248591402091,595223,1
merge,10000,duplicate_heavy,11,1534534248591402091,610151,1
library,10000,duplicate_heavy,12,11293950238126648697,14129188,1
merge,10000,duplicate_heavy,12,11293950238126648697,406059,1
shell,10000,duplicate_heavy,12,11293950238126648697,454250,1
shell,10000,duplicate_heavy,13,6129997486553559856,402713,1
merge,10000,duplicate_heavy,13,6129997486553559856,403514,1
library,10000,duplicate_heavy,13,6129997486553559856,7874674,1
shell,10000,duplicate_heavy,14,201128734764729812,413193,1
library,10000,duplicate_heavy,14,201128734764729812,7880184,1
merge,10000,duplicate_heavy,14,201128734764729812,414315,1
merge,10000,duplicate_heavy,15,5945811979887638468,412571,1
shell,10000,duplicate_heavy,15,5945811979887638468,411629,1
library,10000,duplicate_heavy,15,5945811979887638468,8326769,1
merge,10000,duplicate_heavy,16,16569230416440459074,596015,1
library,10000,duplicate_heavy,16,16569230416440459074,8793432,1
shell,10000,duplicate_heavy,16,16569230416440459074,418603,1
library,10000,duplicate_heavy,17,9443925322943142474,9089926,1
shell,10000,duplicate_heavy,17,9443925322943142474,416740,1
merge,10000,duplicate_heavy,17,9443925322943142474,417150,1
library,10000,duplicate_heavy,18,16156164651629287682,8410145,1
merge,10000,duplicate_heavy,18,16156164651629287682,403665,1
shell,10000,duplicate_heavy,18,16156164651629287682,413152,1
shell,10000,duplicate_heavy,19,15212906898136236999,422429,1
merge,10000,duplicate_heavy,19,15212906898136236999,423451,1
library,10000,duplicate_heavy,19,15212906898136236999,8060962,1
shell,10000,duplicate_heavy,20,11875158647393212816,412762,1
library,10000,duplicate_heavy,20,11875158647393212816,8317111,1
merge,10000,duplicate_heavy,20,11875158647393212816,406410,1
merge,10000,duplicate_heavy,21,8038168267997525606,417340,1
shell,10000,duplicate_heavy,21,8038168267997525606,432819,1
library,10000,duplicate_heavy,21,8038168267997525606,7962358,1
merge,10000,duplicate_heavy,22,12886757972435814929,414275,1
library,10000,duplicate_heavy,22,12886757972435814929,8294208,1
shell,10000,duplicate_heavy,22,12886757972435814929,424724,1
library,10000,duplicate_heavy,23,14757623418463750149,7784014,1
shell,10000,duplicate_heavy,23,14757623418463750149,406670,1
merge,10000,duplicate_heavy,23,14757623418463750149,415607,1
library,10000,duplicate_heavy,24,1125134426748053079,7730644,1
merge,10000,duplicate_heavy,24,1125134426748053079,407071,1
shell,10000,duplicate_heavy,24,1125134426748053079,418462,1
shell,10000,duplicate_heavy,25,11637207347057315624,418292,1
merge,10000,duplicate_heavy,25,11637207347057315624,401872,1
library,10000,duplicate_heavy,25,11637207347057315624,7979460,1
shell,10000,duplicate_heavy,26,15319389358465761315,400920,1
library,10000,duplicate_heavy,26,15319389358465761315,7717459,1
merge,10000,duplicate_heavy,26,15319389358465761315,404036,1
merge,10000,duplicate_heavy,27,3841775510326205124,412722,1
shell,10000,duplicate_heavy,27,3841775510326205124,425045,1
library,10000,duplicate_heavy,27,3841775510326205124,7925870,1
merge,10000,duplicate_heavy,28,9546616765995183484,405438,1
library,10000,duplicate_heavy,28,9546616765995183484,8157482,1
shell,10000,duplicate_heavy,28,9546616765995183484,418102,1
library,10000,duplicate_heavy,29,11808024297930270044,7814120,1
shell,10000,duplicate_heavy,29,11808024297930270044,414785,1
merge,10000,duplicate_heavy,29,11808024297930270044,415978,1
library,10000,duplicate_heavy,30,3001981282033431415,7803250,1
merge,10000,duplicate_heavy,30,3001981282033431415,415036,1
shell,10000,duplicate_heavy,30,3001981282033431415,412812,1
shell,20000,random,1,12849923311192194467,1777213,1
merge,20000,random,1,12849923311192194467,1361957,1
library,20000,random,1,12849923311192194467,4503501,1
shell,20000,random,2,10012082398612547895,1787682,1
library,20000,random,2,10012082398612547895,4271927,1
merge,20000,random,2,10012082398612547895,1375892,1
merge,20000,random,3,14545161309681417288,1384639,1
shell,20000,random,3,14545161309681417288,1773226,1
library,20000,random,3,14545161309681417288,4183352,1
merge,20000,random,4,15775482269949242723,1366916,1
library,20000,random,4,15775482269949242723,4244815,1
shell,20000,random,4,15775482269949242723,1769318,1
library,20000,random,5,14195239683763357747,4241521,1
shell,20000,random,5,14195239683763357747,1793914,1
merge,20000,random,5,14195239683763357747,1387734,1
library,20000,random,6,13909857425793400087,4080189,1
merge,20000,random,6,13909857425793400087,1402302,1
shell,20000,random,6,13909857425793400087,1769338,1
shell,20000,random,7,2175213452573034776,1832516,1
merge,20000,random,7,2175213452573034776,1357208,1
library,20000,random,7,2175213452573034776,4116156,1
shell,20000,random,8,133292297201982921,1765371,1
library,20000,random,8,133292297201982921,4081842,1
merge,20000,random,8,133292297201982921,1360584,1
merge,20000,random,9,7470924334865951577,1404316,1
shell,20000,random,9,7470924334865951577,1754701,1
library,20000,random,9,7470924334865951577,4108963,1
merge,20000,random,10,6144621114898603642,1386883,1
library,20000,random,10,6144621114898603642,3932933,1
shell,20000,random,10,6144621114898603642,1755603,1
library,20000,random,11,9786099825394342118,4194102,1
shell,20000,random,11,9786099825394342118,1798142,1
merge,20000,random,11,9786099825394342118,1366686,1
library,20000,random,12,9153592151619941506,4010669,1
merge,20000,random,12,9153592151619941506,1369260,1
shell,20000,random,12,9153592151619941506,1786851,1
shell,20000,random,13,10754022465737896547,1745644,1
merge,20000,random,13,10754022465737896547,1363760,1
library,20000,random,13,10754022465737896547,4088645,1
shell,20000,random,14,1587607069809657767,1767234,1
library,20000,random,14,1587607069809657767,4126485,1
merge,20000,random,14,1587607069809657767,1378076,1
merge,20000,random,15,18140772435677450824,1372987,1
shell,20000,random,15,18140772435677450824,1745003,1
library,20000,random,15,18140772435677450824,4185666,1
merge,20000,random,16,531140742939091536,1759280,1
library,20000,random,16,531140742939091536,4057507,1
shell,20000,random,16,531140742939091536,1793624,1
library,20000,random,17,9202831700312683018,3988568,1
shell,20000,random,17,9202831700312683018,1753599,1
merge,20000,random,17,9202831700312683018,1372056,1
library,20000,random,18,14598913750641935588,4059550,1
merge,20000,random,18,14598913750641935588,1363450,1
shell,20000,random,18,14598913750641935588,1844348,1
shell,20000,random,19,9469069616845871021,1746525,1
merge,20000,random,19,9469069616845871021,1395910,1
library,20000,random,19,9469069616845871021,4027821,1
shell,20000,random,20,15263945525753351884,1758999,1
library,20000,random,20,15263945525753351884,3920551,1
merge,20000,random,20,15263945525753351884,1365002,1
merge,20000,random,21,2269709642469082213,1389298,1
shell,20000,random,21,2269709642469082213,1748049,1
library,20000,random,21,2269709642469082213,3893580,1
merge,20000,random,22,15328350833945006513,1372186,1
library,20000,random,22,15328350833945006513,3928345,1
shell,20000,random,22,15328350833945006513,1747136,1
library,20000,random,23,7437478206592719471,4752817,1
shell,20000,random,23,7437478206592719471,2309639,1
merge,20000,random,23,7437478206592719471,1787141,1
library,20000,random,24,4126240961852028858,6258993,1
merge,20000,random,24,4126240961852028858,1760632,1
shell,20000,random,24,4126240961852028858,2263291,1
shell,20000,random,25,5411224838246236902,2367898,1
merge,20000,random,25,5411224838246236902,1733371,1
library,20000,random,25,5411224838246236902,7008794,1
shell,20000,random,26,11633503569755891282,2275996,1
library,20000,random,26,11633503569755891282,6686101,1
merge,20000,random,26,11633503569755891282,1799735,1
merge,20000,random,27,4438255790536077384,1822958,1
shell,20000,random,27,4438255790536077384,2280153,1
library,20000,random,27,4438255790536077384,6914419,1
merge,20000,random,28,11441245262884963415,1752677,1
library,20000,random,28,11441245262884963415,6751623,1
shell,20000,random,28,11441245262884963415,5250517,1
library,20000,random,29,5579991859927837689,6416467,1
shell,20000,random,29,5579991859927837689,2342450,1
merge,20000,random,29,5579991859927837689,1786360,1
library,20000,random,30,14100043561639116705,12474384,1
merge,20000,random,30,14100043561639116705,3794575,1
shell,20000,random,30,14100043561639116705,7067334,1
shell,20000,already_sorted,1,2124631550914229487,2620360,1
merge,20000,already_sorted,1,2124631550914229487,656007,1
library,20000,already_sorted,1,2124631550914229487,377433917,1
shell,20000,already_sorted,2,3020691339132578796,240690,1
library,20000,already_sorted,2,3020691339132578796,435315922,1
merge,20000,already_sorted,2,3020691339132578796,320710,1
merge,20000,already_sorted,3,10451326805829383347,318716,1
shell,20000,already_sorted,3,10451326805829383347,250438,1
library,20000,already_sorted,3,10451326805829383347,390203492,1
merge,20000,already_sorted,4,12582334677925470648,332021,1
library,20000,already_sorted,4,12582334677925470648,498155635,1
shell,20000,already_sorted,4,12582334677925470648,240670,1
library,20000,already_sorted,5,15291038664133733547,415317251,1
shell,20000,already_sorted,5,15291038664133733547,240680,1
merge,20000,already_sorted,5,15291038664133733547,348141,1
library,20000,already_sorted,6,12414670708708640033,430635268,1
merge,20000,already_sorted,6,12414670708708640033,321361,1
shell,20000,already_sorted,6,12414670708708640033,240670,1
shell,20000,already_sorted,7,15256386415142373055,240610,1
merge,20000,already_sorted,7,15256386415142373055,319016,1
library,20000,already_sorted,7,15256386415142373055,374243232,1
shell,20000,already_sorted,8,1522057829942478294,608448,1
library,20000,already_sorted,8,1522057829942478294,398556401,1
merge,20000,already_sorted,8,1522057829942478294,320890,1
merge,20000,already_sorted,9,9785178202595125106,318776,1
shell,20000,already_sorted,9,9785178202595125106,240650,1
library,20000,already_sorted,9,9785178202595125106,396176621,1
merge,20000,already_sorted,10,13748250118193623404,328594,1
library,20000,already_sorted,10,13748250118193623404,382738686,1
shell,20000,already_sorted,10,13748250118193623404,240670,1
library,20000,already_sorted,11,15487149385585596825,443852584,1
shell,20000,already_sorted,11,15487149385585596825,600934,1
merge,20000,already_sorted,11,15487149385585596825,665745,1
library,20000,already_sorted,12,18211823684007082354,375899699,1
merge,20000,already_sorted,12,18211823684007082354,320830,1
shell,20000,already_sorted,12,18211823684007082354,240650,1
shell,20000,already_sorted,13,13750503267384999998,240600,1
merge,20000,already_sorted,13,13750503267384999998,318826,1
library,20000,already_sorted,13,13750503267384999998,397106860,1
shell,20000,already_sorted,14,14737132644394738236,240690,1
library,20000,already_sorted,14,14737132644394738236,368588836,1
merge,20000,already_sorted,14,14737132644394738236,578752,1
merge,20000,already_sorted,15,3940374191083293966,607305,1
shell,20000,already_sorted,15,3940374191083293966,564706,1
library,20000,already_sorted,15,3940374191083293966,438251873,1
merge,20000,already_sorted,16,2038822704078150037,331781,1
library,20000,already_sorted,16,2038822704078150037,444810402,1
shell,20000,already_sorted,16,2038822704078150037,250879,1
library,20000,already_sorted,17,7801506691653905325,460640873,1
shell,20000,already_sorted,17,7801506691653905325,657459,1
merge,20000,already_sorted,17,7801506691653905325,673289,1
library,20000,already_sorted,18,7902410382682592623,397815055,1
merge,20000,already_sorted,18,7902410382682592623,321441,1
shell,20000,already_sorted,18,7902410382682592623,240660,1
shell,20000,already_sorted,19,342176714462847463,240600,1
merge,20000,already_sorted,19,342176714462847463,318996,1
library,20000,already_sorted,19,342176714462847463,400546923,1
shell,20000,already_sorted,20,8592076550581873444,595023,1
library,20000,already_sorted,20,8592076550581873444,362871378,1
merge,20000,already_sorted,20,8592076550581873444,344144,1
merge,20000,already_sorted,21,15806145597303478753,344985,1
shell,20000,already_sorted,21,15806145597303478753,240660,1
library,20000,already_sorted,21,15806145597303478753,409708422,1
merge,20000,already_sorted,22,3308908558361357825,320679,1
library,20000,already_sorted,22,3308908558361357825,356471663,1
shell,20000,already_sorted,22,3308908558361357825,266058,1
library,20000,already_sorted,23,15934779148096344250,366185084,1
shell,20000,already_sorted,23,15934779148096344250,240680,1
merge,20000,already_sorted,23,15934779148096344250,523929,1
library,20000,already_sorted,24,4230524273787277693,366907485,1
merge,20000,already_sorted,24,4230524273787277693,334215,1
shell,20000,already_sorted,24,4230524273787277693,240660,1
shell,20000,already_sorted,25,9630204841115873476,250247,1
merge,20000,already_sorted,25,9630204841115873476,318926,1
library,20000,already_sorted,25,9630204841115873476,395997478,1
shell,20000,already_sorted,26,13326054510206199313,251220,1
library,20000,already_sorted,26,13326054510206199313,466220616,1
merge,20000,already_sorted,26,13326054510206199313,320889,1
merge,20000,already_sorted,27,15239297170455238084,319527,1
shell,20000,already_sorted,27,15239297170455238084,240670,1
library,20000,already_sorted,27,15239297170455238084,363252060,1
merge,20000,already_sorted,28,6215531033835638942,323895,1
library,20000,already_sorted,28,6215531033835638942,363915950,1
shell,20000,already_sorted,28,6215531033835638942,250889,1
library,20000,already_sorted,29,18409309852393840991,404859298,1
shell,20000,already_sorted,29,18409309852393840991,242413,1
merge,20000,already_sorted,29,18409309852393840991,348742,1
library,20000,already_sorted,30,14283086945753806729,461600517,1
merge,20000,already_sorted,30,14283086945753806729,321621,1
shell,20000,already_sorted,30,14283086945753806729,240670,1
shell,20000,reverse_sorted,1,4192012439491607189,902597,1
merge,20000,reverse_sorted,1,4192012439491607189,714436,1
library,20000,reverse_sorted,1,4192012439491607189,350545821,1
shell,20000,reverse_sorted,2,6503050523019220705,608848,1
library,20000,reverse_sorted,2,6503050523019220705,341776777,1
merge,20000,reverse_sorted,2,6503050523019220705,320459,1
merge,20000,reverse_sorted,3,7099013877287088930,318556,1
shell,20000,reverse_sorted,3,7099013877287088930,309869,1
library,20000,reverse_sorted,3,7099013877287088930,284605811,1
merge,20000,reverse_sorted,4,13064941512689227397,320910,1
library,20000,reverse_sorted,4,13064941512689227397,294412588,1
shell,20000,reverse_sorted,4,13064941512689227397,752838,1
library,20000,reverse_sorted,5,12582269553657996656,288744971,1
shell,20000,reverse_sorted,5,12582269553657996656,309669,1
merge,20000,reverse_sorted,5,12582269553657996656,320830,1
library,20000,reverse_sorted,6,7492270010932379741,281559475,1
merge,20000,reverse_sorted,6,7492270010932379741,321030,1
shell,20000,reverse_sorted,6,7492270010932379741,308948,1
shell,20000,reverse_sorted,7,2877514900943997081,307675,1
merge,20000,reverse_sorted,7,2877514900943997081,328494,1
library,20000,reverse_sorted,7,2877514900943997081,357398017,1
shell,20000,reverse_sorted,8,13077532041487076680,309819,1
library,20000,reverse_sorted,8,13077532041487076680,330680890,1
merge,20000,reverse_sorted,8,13077532041487076680,320138,1
merge,20000,reverse_sorted,9,8456327281338364376,318475,1
shell,20000,reverse_sorted,9,8456327281338364376,308597,1
library,20000,reverse_sorted,9,8456327281338364376,281937793,1
merge,20000,reverse_sorted,10,1888448659255589172,319999,1
library,20000,reverse_sorted,10,1888448659255589172,328651245,1
shell,20000,reverse_sorted,10,1888448659255589172,308527,1
library,20000,reverse_sorted,11,8610697610877604605,288477601,1
shell,20000,reverse_sorted,11,8610697610877604605,312895,1
merge,20000,reverse_sorted,11,8610697610877604605,341709,1
library,20000,reverse_sorted,12,15189855207451404090,282578411,1
merge,20000,reverse_sorted,12,15189855207451404090,320659,1
shell,20000,reverse_sorted,12,15189855207451404090,318866,1
shell,20000,reverse_sorted,13,5389538744106689572,318747,1
merge,20000,reverse_sorted,13,5389538744106689572,319097,1
library,20000,reverse_sorted,13,5389538744106689572,331288978,1
shell,20000,reverse_sorted,14,14736246084309370009,308848,1
library,20000,reverse_sorted,14,14736246084309370009,292729118,1
merge,20000,reverse_sorted,14,14736246084309370009,321040,1
merge,20000,reverse_sorted,15,2657054247232733363,319036,1
shell,20000,reverse_sorted,15,2657054247232733363,319627,1
library,20000,reverse_sorted,15,2657054247232733363,323105458,1
merge,20000,reverse_sorted,16,7912444456599780805,331099,1
library,20000,reverse_sorted,16,7912444456599780805,318359951,1
shell,20000,reverse_sorted,16,7912444456599780805,308888,1
library,20000,reverse_sorted,17,11341995017920112397,341868418,1
shell,20000,reverse_sorted,17,11341995017920112397,309830,1
merge,20000,reverse_sorted,17,11341995017920112397,320469,1
library,20000,reverse_sorted,18,8832734142640646638,304696677,1
merge,20000,reverse_sorted,18,8832734142640646638,320990,1
shell,20000,reverse_sorted,18,8832734142640646638,308908,1
shell,20000,reverse_sorted,19,17741025578196910584,308206,1
merge,20000,reverse_sorted,19,17741025578196910584,328815,1
library,20000,reverse_sorted,19,17741025578196910584,281217347,1
shell,20000,reverse_sorted,20,5914201290095900864,338964,1
library,20000,reverse_sorted,20,5914201290095900864,333147641,1
merge,20000,reverse_sorted,20,5914201290095900864,323234,1
merge,20000,reverse_sorted,21,6078849282008888414,318275,1
shell,20000,reverse_sorted,21,6078849282008888414,318977,1
library,20000,reverse_sorted,21,6078849282008888414,282274452,1
merge,20000,reverse_sorted,22,4092382014794648756,350726,1
library,20000,reverse_sorted,22,4092382014794648756,330158193,1
shell,20000,reverse_sorted,22,4092382014794648756,308517,1
library,20000,reverse_sorted,23,8157954635218130204,296882907,1
shell,20000,reverse_sorted,23,8157954635218130204,309108,1
merge,20000,reverse_sorted,23,8157954635218130204,320369,1
library,20000,reverse_sorted,24,13262393998635794489,306401344,1
merge,20000,reverse_sorted,24,13262393998635794489,323114,1
shell,20000,reverse_sorted,24,13262393998635794489,308837,1
shell,20000,reverse_sorted,25,11476424590269309995,308206,1
merge,20000,reverse_sorted,25,11476424590269309995,319017,1
library,20000,reverse_sorted,25,11476424590269309995,280678098,1
shell,20000,reverse_sorted,26,332463609121618669,308777,1
library,20000,reverse_sorted,26,332463609121618669,281246259,1
merge,20000,reverse_sorted,26,332463609121618669,342761,1
merge,20000,reverse_sorted,27,12158223676516073443,328624,1
shell,20000,reverse_sorted,27,12158223676516073443,308357,1
library,20000,reverse_sorted,27,12158223676516073443,375441453,1
merge,20000,reverse_sorted,28,16776581416050246530,320249,1
library,20000,reverse_sorted,28,16776581416050246530,287340995,1
shell,20000,reverse_sorted,28,16776581416050246530,659362,1
library,20000,reverse_sorted,29,13388523037917695850,323090807,1
shell,20000,reverse_sorted,29,13388523037917695850,330699,1
merge,20000,reverse_sorted,29,13388523037917695850,320419,1
library,20000,reverse_sorted,30,18197648619580156153,293726705,1
merge,20000,reverse_sorted,30,18197648619580156153,359903,1
shell,20000,reverse_sorted,30,18197648619580156153,311933,1
shell,20000,duplicate_heavy,1,10190300558547436232,861100,1
merge,20000,duplicate_heavy,1,10190300558547436232,858264,1
library,20000,duplicate_heavy,1,10190300558547436232,30475742,1
shell,20000,duplicate_heavy,2,4727795426562615352,877841,1
library,20000,duplicate_heavy,2,4727795426562615352,29270630,1
merge,20000,duplicate_heavy,2,4727795426562615352,834821,1
merge,20000,duplicate_heavy,3,15091189101413101658,829300,1
shell,20000,duplicate_heavy,3,15091189101413101658,870497,1
library,20000,duplicate_heavy,3,15091189101413101658,28854591,1
merge,20000,duplicate_heavy,4,15043764373638086726,837696,1
library,20000,duplicate_heavy,4,15043764373638086726,29650018,1
shell,20000,duplicate_heavy,4,15043764373638086726,883903,1
library,20000,duplicate_heavy,5,15126642905995306374,29726942,1
shell,20000,duplicate_heavy,5,15126642905995306374,874234,1
merge,20000,duplicate_heavy,5,15126642905995306374,889804,1
library,20000,duplicate_heavy,6,7417678467001756115,27812973,1
merge,20000,duplicate_heavy,6,7417678467001756115,835222,1
shell,20000,duplicate_heavy,6,7417678467001756115,873784,1
shell,20000,duplicate_heavy,7,14929437393304224780,862833,1
merge,20000,duplicate_heavy,7,14929437393304224780,845341,1
library,20000,duplicate_heavy,7,14929437393304224780,28742662,1
shell,20000,duplicate_heavy,8,15823012749709634410,891026,1
library,20000,duplicate_heavy,8,15823012749709634410,30624308,1
merge,20000,duplicate_heavy,8,15823012749709634410,842886,1
merge,20000,duplicate_heavy,9,391402459053531453,830613,1
shell,20000,duplicate_heavy,9,391402459053531453,869196,1
library,20000,duplicate_heavy,9,391402459053531453,29577272,1
merge,20000,duplicate_heavy,10,14694204947368951248,835062,1
library,20000,duplicate_heavy,10,14694204947368951248,32701696,1
shell,20000,duplicate_heavy,10,14694204947368951248,887990,1
library,20000,duplicate_heavy,11,7631951159938804826,28299553,1
shell,20000,duplicate_heavy,11,7631951159938804826,886196,1
merge,20000,duplicate_heavy,11,7631951159938804826,847405,1
library,20000,duplicate_heavy,12,5783326366915686461,27983222,1
merge,20000,duplicate_heavy,12,5783326366915686461,837956,1
shell,20000,duplicate_heavy,12,5783326366915686461,871219,1
shell,20000,duplicate_heavy,13,12031509590285976448,857834,1
merge,20000,duplicate_heavy,13,12031509590285976448,829982,1
library,20000,duplicate_heavy,13,12031509590285976448,31775641,1
shell,20000,duplicate_heavy,14,11799008903389652473,873995,1
library,20000,duplicate_heavy,14,11799008903389652473,29537780,1
merge,20000,duplicate_heavy,14,11799008903389652473,860268,1
merge,20000,duplicate_heavy,15,4384476755661863067,836113,1
shell,20000,duplicate_heavy,15,4384476755661863067,885986,1
library,20000,duplicate_heavy,15,4384476755661863067,30355898,1
merge,20000,duplicate_heavy,16,1446874197714759502,834500,1
library,20000,duplicate_heavy,16,1446874197714759502,29044416,1
shell,20000,duplicate_heavy,16,1446874197714759502,863384,1
library,20000,duplicate_heavy,17,9656973613145493853,29223170,1
shell,20000,duplicate_heavy,17,9656973613145493853,874885,1
merge,20000,duplicate_heavy,17,9656973613145493853,828590,1
library,20000,duplicate_heavy,18,14600911957590010567,29164460,1
merge,20000,duplicate_heavy,18,14600911957590010567,856281,1
shell,20000,duplicate_heavy,18,14600911957590010567,854979,1
shell,20000,duplicate_heavy,19,8492072016143550360,878793,1
merge,20000,duplicate_heavy,19,8492072016143550360,847054,1
library,20000,duplicate_heavy,19,8492072016143550360,28182975,1
shell,20000,duplicate_heavy,20,7424454971247179775,895023,1
library,20000,duplicate_heavy,20,7424454971247179775,33401573,1
merge,20000,duplicate_heavy,20,7424454971247179775,826285,1
merge,20000,duplicate_heavy,21,11270730343721003619,841343,1
shell,20000,duplicate_heavy,21,11270730343721003619,867432,1
library,20000,duplicate_heavy,21,11270730343721003619,28188566,1
merge,20000,duplicate_heavy,22,5412417941220408846,834912,1
library,20000,duplicate_heavy,22,5412417941220408846,31329618,1
shell,20000,duplicate_heavy,22,5412417941220408846,869256,1
library,20000,duplicate_heavy,23,12088152553138069321,28869559,1
shell,20000,duplicate_heavy,23,12088152553138069321,872852,1
merge,20000,duplicate_heavy,23,12088152553138069321,834871,1
library,20000,duplicate_heavy,24,8312009672897444128,28197632,1
merge,20000,duplicate_heavy,24,8312009672897444128,826846,1
shell,20000,duplicate_heavy,24,8312009672897444128,883862,1
shell,20000,duplicate_heavy,25,5581206498442342140,859267,1
merge,20000,duplicate_heavy,25,5581206498442342140,839650,1
library,20000,duplicate_heavy,25,5581206498442342140,28115088,1
shell,20000,duplicate_heavy,26,5670587475867650941,871981,1
library,20000,duplicate_heavy,26,5670587475867650941,29873135,1
merge,20000,duplicate_heavy,26,5670587475867650941,820875,1
merge,20000,duplicate_heavy,27,7975102337962207982,833077,1
shell,20000,duplicate_heavy,27,7975102337962207982,918267,1
library,20000,duplicate_heavy,27,7975102337962207982,37472392,1
merge,20000,duplicate_heavy,28,10269497571271899606,826726,1
library,20000,duplicate_heavy,28,10269497571271899606,29151315,1
shell,20000,duplicate_heavy,28,10269497571271899606,865929,1
library,20000,duplicate_heavy,29,2981005881568121830,44072986,1
shell,20000,duplicate_heavy,29,2981005881568121830,1229259,1
merge,20000,duplicate_heavy,29,2981005881568121830,1185095,1
library,20000,duplicate_heavy,30,10314148580714199478,84731797,1
merge,20000,duplicate_heavy,30,10314148580714199478,3085510,1
shell,20000,duplicate_heavy,30,10314148580714199478,1229699,1
